E (keV),a (cm^2/g),rho (g/cm^3),a*rho (1/cm),d (cm),P(xi) (d=50 um),P(xi) (d=100 um),P(xi) (d=150 um),P(xi) (d=200 um),P(xi) (d=250 um),P(xi) (d=300 um),,
2.00E+00,1.04E+03,1.89E+01,1.96E+04,5.00E-03,2.72E-43,7.40E-86,2.01E-128,5.47E-171,3.87E-214,4.05E-256,,
2.01E+00,1.03E+03,,1.94E+04,1.00E-02,7.67E-43,5.88E-85,4.51E-127,3.46E-169,4.36E-212,2.04E-253,,
2.02E+00,1.02E+03,,1.92E+04,1.50E-02,2.12E-42,4.51E-84,9.56E-126,2.03E-167,4.92E-210,9.15E-251,,
2.03E+00,1.01E+03,,1.90E+04,2.00E-02,5.87E-42,3.45E-83,2.03E-124,1.19E-165,5.54E-208,4.11E-248,,
2.04E+00,9.97E+02,,1.88E+04,2.50E-02,1.59E-41,2.53E-82,4.01E-123,6.38E-164,2.58E-205,1.61E-245,,
2.05E+00,9.86E+02,,1.86E+04,3.00E-02,4.27E-41,1.82E-81,7.77E-122,3.32E-162,4.66E-203,6.04E-243,,
2.06E+00,9.76E+02,,1.84E+04,,1.13E-40,1.28E-80,1.45E-120,1.64E-160,5.26E-201,2.10E-240,,
2.07E+00,9.66E+02,,1.82E+04,,2.97E-40,8.83E-80,2.62E-119,7.79E-159,5.93E-199,6.88E-238,,
2.08E+00,9.56E+02,,1.80E+04,,7.71E-40,5.94E-79,4.57E-118,3.52E-157,6.68E-197,2.09E-235,,
2.09E+00,9.46E+02,,1.78E+04,,1.98E-39,3.90E-78,7.71E-117,1.52E-155,7.53E-195,5.94E-233,,
2.10E+00,9.36E+02,,1.76E+04,,5.01E-39,2.51E-77,1.26E-115,6.29E-154,8.49E-193,1.58E-230,,
2.11E+00,9.26E+02,,1.75E+04,,1.26E-38,1.58E-76,1.98E-114,2.49E-152,9.57E-191,3.94E-228,,
2.12E+00,9.16E+02,,1.73E+04,,3.12E-38,9.74E-76,3.04E-113,9.48E-151,1.08E-188,9.23E-226,,
2.13E+00,9.07E+02,,1.71E+04,,7.66E-38,5.87E-75,4.50E-112,3.44E-149,7.58E-187,2.02E-223,,
2.15E+00,8.97E+02,,1.69E+04,,1.86E-37,3.47E-74,6.45E-111,1.20E-147,8.55E-185,4.16E-221,,
2.16E+00,8.88E+02,,1.67E+04,,4.47E-37,2.00E-73,8.94E-110,4.00E-146,6.01E-183,8.00E-219,,
2.17E+00,8.79E+02,,1.66E+04,,1.06E-36,1.13E-72,1.21E-108,1.28E-144,4.22E-181,1.45E-216,,
2.18E+00,8.70E+02,,1.64E+04,,2.51E-36,6.30E-72,1.58E-107,3.97E-143,2.97E-179,2.50E-214,,
2.19E+00,8.61E+02,,1.62E+04,,5.92E-36,3.50E-71,2.07E-106,1.23E-141,2.09E-177,4.29E-212,,
2.20E+00,8.52E+02,,1.61E+04,,1.39E-35,1.93E-70,2.68E-105,3.73E-140,1.47E-175,7.20E-210,,
2.21E+00,8.47E+02,,1.60E+04,,2.17E-35,4.71E-70,1.02E-104,2.22E-139,1.56E-174,1.05E-208,,
2.21E+00,2.51E+03,,4.74E+04,,1.23E-103,1.50E-206,0.00E+00,0.00E+00,0.00E+00,0.00E+00,,
2.21E+00,2.50E+03,,4.72E+04,,3.49E-103,1.22E-205,4.24E-308,0.00E+00,0.00E+00,0.00E+00,,
2.22E+00,2.47E+03,,4.66E+04,,6.06E-102,3.68E-203,2.23E-304,0.00E+00,0.00E+00,0.00E+00,,
2.23E+00,2.44E+03,,4.61E+04,,1.01E-100,1.01E-200,1.02E-300,0.00E+00,0.00E+00,0.00E+00,,
2.24E+00,2.41E+03,,4.55E+04,,1.62E-99,2.63E-198,4.27E-297,0.00E+00,0.00E+00,0.00E+00,,
2.25E+00,2.38E+03,,4.49E+04,,2.54E-98,6.46E-196,1.64E-293,0.00E+00,0.00E+00,0.00E+00,,
2.27E+00,2.36E+03,,4.44E+04,,3.80E-97,1.45E-193,5.49E-290,0.00E+00,0.00E+00,0.00E+00,,
2.28E+00,2.33E+03,,4.39E+04,,5.53E-96,3.05E-191,1.69E-286,0.00E+00,0.00E+00,0.00E+00,,
2.29E+00,2.30E+03,,4.33E+04,,7.74E-95,5.99E-189,4.63E-283,0.00E+00,0.00E+00,0.00E+00,,
2.29E+00,2.30E+03,,4.33E+04,,1.12E-94,1.25E-188,1.40E-282,0.00E+00,0.00E+00,0.00E+00,,
2.29E+00,3.36E+03,,6.33E+04,,4.04E-138,1.64E-275,0.00E+00,0.00E+00,0.00E+00,0.00E+00,,
2.30E+00,3.33E+03,,6.27E+04,,7.30E-137,5.33E-273,0.00E+00,0.00E+00,0.00E+00,0.00E+00,,
2.31E+00,3.29E+03,,6.19E+04,,3.38E-135,1.14E-269,0.00E+00,0.00E+00,0.00E+00,0.00E+00,,
2.32E+00,3.25E+03,,6.12E+04,,1.50E-133,2.24E-266,0.00E+00,0.00E+00,0.00E+00,0.00E+00,,
2.33E+00,3.21E+03,,6.04E+04,,6.31E-132,3.98E-263,0.00E+00,0.00E+00,0.00E+00,0.00E+00,,
2.35E+00,3.17E+03,,5.97E+04,,2.54E-130,6.44E-260,0.00E+00,0.00E+00,0.00E+00,0.00E+00,,
2.36E+00,3.13E+03,,5.90E+04,,9.74E-129,9.48E-257,0.00E+00,0.00E+00,0.00E+00,0.00E+00,,
2.37E+00,3.09E+03,,5.82E+04,,3.57E-127,1.27E-253,0.00E+00,0.00E+00,0.00E+00,0.00E+00,,
2.38E+00,3.05E+03,,5.75E+04,,1.25E-125,1.55E-250,0.00E+00,0.00E+00,0.00E+00,0.00E+00,,
2.39E+00,3.01E+03,,5.68E+04,,4.19E-124,1.75E-247,0.00E+00,0.00E+00,0.00E+00,0.00E+00,,
2.41E+00,2.98E+03,,5.61E+04,,1.34E-122,1.81E-244,0.00E+00,0.00E+00,0.00E+00,0.00E+00,,
2.42E+00,2.94E+03,,5.54E+04,,4.11E-121,1.69E-241,0.00E+00,0.00E+00,0.00E+00,0.00E+00,,
2.43E+00,2.91E+03,,5.48E+04,,1.21E-119,1.47E-238,0.00E+00,0.00E+00,0.00E+00,0.00E+00,,
2.44E+00,2.87E+03,,5.41E+04,,3.41E-118,1.16E-235,0.00E+00,0.00E+00,0.00E+00,0.00E+00,,
2.45E+00,2.83E+03,,5.34E+04,,9.23E-117,8.52E-233,0.00E+00,0.00E+00,0.00E+00,0.00E+00,,
2.47E+00,2.80E+03,,5.28E+04,,2.41E-115,5.79E-230,0.00E+00,0.00E+00,0.00E+00,0.00E+00,,
2.48E+00,2.77E+03,,5.21E+04,,5.99E-114,3.59E-227,0.00E+00,0.00E+00,0.00E+00,0.00E+00,,
2.49E+00,2.73E+03,,5.15E+04,,1.43E-112,2.06E-224,0.00E+00,0.00E+00,0.00E+00,0.00E+00,,
2.50E+00,2.70E+03,,5.09E+04,,3.28E-111,1.07E-221,0.00E+00,0.00E+00,0.00E+00,0.00E+00,,
2.52E+00,2.67E+03,,5.03E+04,,7.28E-110,5.30E-219,0.00E+00,0.00E+00,0.00E+00,0.00E+00,,
2.53E+00,2.63E+03,,4.96E+04,,1.54E-108,2.38E-216,4.9000E-324,0.00E+00,0.00E+00,0.00E+00,,
2.54E+00,2.60E+03,,4.90E+04,,3.18E-107,1.01E-213,3.2164E-320,0.00E+00,0.00E+00,0.00E+00,,
2.55E+00,2.57E+03,,4.84E+04,,6.25E-106,3.91E-211,2.4421E-316,0.00E+00,0.00E+00,0.00E+00,,
2.57E+00,2.54E+03,,4.79E+04,,1.18E-104,1.40E-208,1.6558E-312,0.00E+00,0.00E+00,0.00E+00,,
2.58E+00,2.51E+03,,4.73E+04,,2.18E-103,4.74E-206,0.00E+00,0.00E+00,0.00E+00,0.00E+00,,
2.59E+00,2.48E+03,,4.67E+04,,3.86E-102,1.49E-203,5.74E-305,0.00E+00,0.00E+00,0.00E+00,,
2.61E+00,2.45E+03,,4.61E+04,,6.64E-101,4.41E-201,2.93E-301,0.00E+00,0.00E+00,0.00E+00,,
2.62E+00,2.42E+03,,4.56E+04,,1.10E-99,1.21E-198,1.34E-297,0.00E+00,0.00E+00,0.00E+00,,
2.63E+00,2.39E+03,,4.50E+04,,1.76E-98,3.10E-196,5.45E-294,0.00E+00,0.00E+00,0.00E+00,,
2.65E+00,2.36E+03,,4.45E+04,,2.71E-97,7.33E-194,1.99E-290,0.00E+00,0.00E+00,0.00E+00,,
2.66E+00,2.33E+03,,4.39E+04,,4.05E-96,1.64E-191,6.64E-287,0.00E+00,0.00E+00,0.00E+00,,
2.67E+00,2.30E+03,,4.34E+04,,5.83E-95,3.40E-189,1.98E-283,0.00E+00,0.00E+00,0.00E+00,,
2.68E+00,2.27E+03,,4.29E+04,,8.16E-94,6.66E-187,5.44E-280,0.00E+00,0.00E+00,0.00E+00,,
2.70E+00,2.25E+03,,4.23E+04,,1.10E-92,1.21E-184,1.33E-276,0.00E+00,0.00E+00,0.00E+00,,
2.71E+00,2.22E+03,,4.18E+04,,1.44E-91,2.08E-182,3.00E-273,0.00E+00,0.00E+00,0.00E+00,,
2.73E+00,2.19E+03,,4.13E+04,,1.82E-90,3.31E-180,6.03E-270,0.00E+00,0.00E+00,0.00E+00,,
2.74E+00,2.17E+03,,4.08E+04,,2.23E-89,4.99E-178,1.11E-266,0.00E+00,0.00E+00,0.00E+00,,
2.74E+00,2.16E+03,,4.08E+04,,2.88E-89,8.30E-178,2.39E-266,0.00E+00,0.00E+00,0.00E+00,,
2.75E+00,2.50E+03,,4.71E+04,,4.17E-103,1.74E-205,7.26E-308,0.00E+00,0.00E+00,0.00E+00,,
2.75E+00,2.49E+03,,4.69E+04,,1.73E-102,3.00E-204,5.19E-306,0.00E+00,0.00E+00,0.00E+00,,
2.77E+00,2.46E+03,,4.63E+04,,2.54E-101,6.45E-202,1.64E-302,0.00E+00,0.00E+00,0.00E+00,,
2.78E+00,2.43E+03,,4.58E+04,,3.62E-100,1.31E-199,4.76E-299,0.00E+00,0.00E+00,0.00E+00,,
2.79E+00,2.40E+03,,4.53E+04,,4.98E-99,2.48E-197,1.23E-295,0.00E+00,0.00E+00,0.00E+00,,
2.81E+00,2.37E+03,,4.48E+04,,6.65E-98,4.42E-195,2.94E-292,0.00E+00,0.00E+00,0.00E+00,,
2.82E+00,2.35E+03,,4.42E+04,,8.63E-97,7.45E-193,6.43E-289,0.00E+00,0.00E+00,0.00E+00,,
2.84E+00,2.32E+03,,4.37E+04,,1.09E-95,1.19E-190,1.29E-285,0.00E+00,0.00E+00,0.00E+00,,
2.85E+00,2.29E+03,,4.32E+04,,1.32E-94,1.75E-188,2.32E-282,0.00E+00,0.00E+00,0.00E+00,,
2.86E+00,2.27E+03,,4.27E+04,,1.56E-93,2.45E-186,3.83E-279,0.00E+00,0.00E+00,0.00E+00,,
2.88E+00,2.24E+03,,4.22E+04,,1.88E-92,3.55E-184,6.68E-276,0.00E+00,0.00E+00,0.00E+00,,
2.89E+00,2.21E+03,,4.17E+04,,2.23E-91,4.95E-182,1.10E-272,0.00E+00,0.00E+00,0.00E+00,,
2.91E+00,2.19E+03,,4.13E+04,,2.53E-90,6.41E-180,1.62E-269,0.00E+00,0.00E+00,0.00E+00,,
2.92E+00,2.16E+03,,4.08E+04,,2.80E-89,7.84E-178,2.20E-266,0.00E+00,0.00E+00,0.00E+00,,
2.94E+00,2.14E+03,,4.03E+04,,3.04E-88,9.24E-176,2.81E-263,0.00E+00,0.00E+00,0.00E+00,,
2.95E+00,2.11E+03,,3.98E+04,,3.18E-87,1.01E-173,3.21E-260,0.00E+00,0.00E+00,0.00E+00,,
2.97E+00,2.09E+03,,3.94E+04,,3.26E-86,1.06E-171,3.46E-257,0.00E+00,0.00E+00,0.00E+00,,
2.98E+00,2.06E+03,,3.89E+04,,3.25E-85,1.06E-169,3.43E-254,0.00E+00,0.00E+00,0.00E+00,,
3.00E+00,2.04E+03,,3.85E+04,,3.21E-84,1.03E-167,3.30E-251,0.00E+00,0.00E+00,0.00E+00,,
3.01E+00,2.01E+03,,3.80E+04,,3.55E-83,1.26E-165,4.47E-248,0.00E+00,0.00E+00,0.00E+00,,
3.03E+00,1.99E+03,,3.75E+04,,3.93E-82,1.54E-163,6.05E-245,0.00E+00,0.00E+00,0.00E+00,,
3.04E+00,1.96E+03,,3.70E+04,,4.22E-81,1.78E-161,7.52E-242,3.1600E-322,0.00E+00,0.00E+00,,
3.06E+00,1.94E+03,,3.65E+04,,4.45E-80,1.98E-159,8.83E-239,3.9348E-318,0.00E+00,0.00E+00,,
3.07E+00,1.91E+03,,3.61E+04,,4.53E-79,2.05E-157,9.27E-236,4.1943E-314,0.00E+00,0.00E+00,,
3.09E+00,1.89E+03,,3.56E+04,,4.47E-78,2.00E-155,8.93E-233,3.9927E-310,0.00E+00,0.00E+00,,
3.10E+00,1.87E+03,,3.52E+04,,4.29E-77,1.84E-153,7.91E-230,3.39E-306,0.00E+00,0.00E+00,,
3.12E+00,1.84E+03,,3.47E+04,,4.01E-76,1.61E-151,6.43E-227,2.58E-302,0.00E+00,0.00E+00,,
3.13E+00,1.82E+03,,3.43E+04,,3.64E-75,1.32E-149,4.81E-224,1.75E-298,0.00E+00,0.00E+00,,
3.14E+00,1.80E+03,,3.40E+04,,1.32E-74,1.75E-148,2.31E-222,3.06E-296,0.00E+00,0.00E+00,,
3.15E+00,1.91E+03,,3.61E+04,,4.70E-79,2.21E-157,1.04E-235,4.8769E-314,0.00E+00,0.00E+00,,
3.15E+00,1.91E+03,,3.60E+04,,7.18E-79,5.16E-157,3.70E-235,2.6603E-313,0.00E+00,0.00E+00,,
3.17E+00,1.89E+03,,3.56E+04,,4.60E-78,2.11E-155,9.72E-233,4.4709E-310,0.00E+00,0.00E+00,,
3.18E+00,1.87E+03,,3.52E+04,,4.37E-77,1.91E-153,8.37E-230,3.66E-306,0.00E+00,0.00E+00,,
3.20E+00,1.84E+03,,3.47E+04,,4.04E-76,1.64E-151,6.62E-227,2.68E-302,0.00E+00,0.00E+00,,
3.21E+00,1.82E+03,,3.43E+04,,3.64E-75,1.32E-149,4.81E-224,1.75E-298,0.00E+00,0.00E+00,,
3.23E+00,1.80E+03,,3.38E+04,,3.21E-74,1.03E-147,3.30E-221,1.06E-294,0.00E+00,0.00E+00,,
3.25E+00,1.77E+03,,3.34E+04,,2.72E-73,7.42E-146,2.02E-218,5.51E-291,0.00E+00,0.00E+00,,
3.26E+00,1.75E+03,,3.30E+04,,2.25E-72,5.06E-144,1.14E-215,2.56E-287,0.00E+00,0.00E+00,,
3.28E+00,1.73E+03,,3.26E+04,,1.81E-71,3.26E-142,5.89E-213,1.06E-283,0.00E+00,0.00E+00,,
3.29E+00,1.71E+03,,3.22E+04,,1.42E-70,2.02E-140,2.88E-210,4.10E-280,0.00E+00,0.00E+00,,
3.31E+00,1.69E+03,,3.18E+04,,1.07E-69,1.14E-138,1.22E-207,1.31E-276,0.00E+00,0.00E+00,,
3.33E+00,1.66E+03,,3.14E+04,,7.74E-69,5.99E-137,4.64E-205,3.59E-273,0.00E+00,0.00E+00,,
3.34E+00,1.64E+03,,3.10E+04,,5.39E-68,2.91E-135,1.57E-202,8.47E-270,0.00E+00,0.00E+00,,
3.36E+00,1.62E+03,,3.06E+04,,3.69E-67,1.36E-133,5.02E-200,1.85E-266,0.00E+00,0.00E+00,,
3.38E+00,1.60E+03,,3.02E+04,,2.45E-66,6.02E-132,1.48E-197,3.62E-263,0.00E+00,0.00E+00,,
3.39E+00,1.58E+03,,2.98E+04,,1.60E-65,2.56E-130,4.10E-195,6.56E-260,0.00E+00,0.00E+00,,
3.41E+00,1.56E+03,,2.95E+04,,1.01E-64,1.01E-128,1.02E-192,1.02E-256,0.00E+00,0.00E+00,,
3.42E+00,1.56E+03,,2.93E+04,,2.04E-64,4.16E-128,8.48E-192,1.73E-255,0.00E+00,0.00E+00,,
3.43E+00,1.61E+03,,3.04E+04,,1.06E-66,1.12E-132,1.19E-198,1.26E-264,0.00E+00,0.00E+00,,
3.43E+00,1.61E+03,,3.03E+04,,1.59E-66,2.53E-132,4.02E-198,6.39E-264,0.00E+00,0.00E+00,,
3.45E+00,1.59E+03,,3.00E+04,,6.60E-66,4.35E-131,2.87E-196,1.90E-261,0.00E+00,0.00E+00,,
3.46E+00,1.57E+03,,2.97E+04,,4.03E-65,1.62E-129,6.55E-194,2.64E-258,0.00E+00,0.00E+00,,
3.48E+00,1.55E+03,,2.93E+04,,2.42E-64,5.84E-128,1.41E-191,3.41E-255,0.00E+00,0.00E+00,,
3.50E+00,1.54E+03,,2.89E+04,,1.41E-63,1.98E-126,2.79E-189,3.93E-252,0.00E+00,0.00E+00,,
3.51E+00,1.52E+03,,2.86E+04,,7.97E-63,6.36E-125,5.07E-187,4.04E-249,0.00E+00,0.00E+00,,
3.53E+00,1.50E+03,,2.83E+04,,4.43E-62,1.96E-123,8.71E-185,3.86E-246,0.00E-01,0.00E+00,,
3.55E+00,1.48E+03,,2.79E+04,,2.42E-61,5.85E-122,1.41E-182,3.42E-243,1.99E-304,0.00E+00,,
3.57E+00,1.46E+03,,2.76E+04,,1.28E-60,1.64E-120,2.11E-180,2.70E-240,2.52E-300,0.00E+00,,
3.59E+00,1.45E+03,,2.72E+04,,6.80E-60,4.62E-119,3.14E-178,2.14E-237,2.84E-298,0.00E+00,,
3.60E+00,1.43E+03,,2.69E+04,,3.54E-59,1.25E-117,4.43E-176,1.57E-234,3.61E-294,0.00E+00,,
3.62E+00,1.41E+03,,2.66E+04,,1.81E-58,3.26E-116,5.90E-174,1.07E-231,4.59E-290,0.00E+00,,
3.64E+00,1.39E+03,,2.63E+04,,8.97E-58,8.04E-115,7.21E-172,6.47E-229,5.84E-286,0.00E+00,,
3.66E+00,1.38E+03,,2.60E+04,,4.37E-57,1.91E-113,8.34E-170,3.64E-226,6.58E-284,0.00E+00,,
3.68E+00,1.36E+03,,2.56E+04,,2.09E-56,4.36E-112,9.11E-168,1.90E-223,8.36E-280,0.00E+00,,
3.69E+00,1.34E+03,,2.53E+04,,9.71E-56,9.42E-111,9.14E-166,8.88E-221,1.06E-275,0.00E+00,,
3.71E+00,1.33E+03,,2.50E+04,,4.47E-55,2.00E-109,8.92E-164,3.99E-218,1.20E-273,0.00E+00,,
3.73E+00,1.31E+03,,2.47E+04,,2.00E-54,4.00E-108,8.00E-162,1.60E-215,1.52E-269,6.4000E-323,,
3.75E+00,1.30E+03,,2.44E+04,,8.87E-54,7.86E-107,6.97E-160,6.18E-213,1.72E-267,4.8554E-319,,
3.77E+00,1.28E+03,,2.41E+04,,3.82E-53,1.46E-105,5.58E-158,2.13E-210,2.18E-263,3.1112E-315,,
3.79E+00,1.27E+03,,2.39E+04,,1.62E-52,2.61E-104,4.22E-156,6.82E-208,2.46E-261,1.7804E-311,,
3.81E+00,1.25E+03,,2.36E+04,,6.77E-52,4.58E-103,3.10E-154,2.10E-205,3.12E-257,9.63E-308,,
3.83E+00,1.24E+03,,2.33E+04,,2.76E-51,7.60E-102,2.10E-152,5.78E-203,3.52E-255,4.39E-304,,
3.84E+00,1.22E+03,,2.30E+04,,1.11E-50,1.24E-100,1.38E-150,1.53E-200,4.48E-251,1.90E-300,,
3.86E+00,1.21E+03,,2.27E+04,,4.36E-50,1.90E-99,8.31E-149,3.62E-198,5.05E-249,6.90E-297,,
3.88E+00,1.19E+03,,2.25E+04,,1.70E-49,2.87E-98,4.87E-147,8.26E-196,6.41E-245,2.37E-293,,
3.90E+00,1.18E+03,,2.22E+04,,6.46E-49,4.18E-97,2.70E-145,1.75E-193,7.23E-243,7.29E-290,,
3.92E+00,1.16E+03,,2.19E+04,,2.42E-48,5.85E-96,1.41E-143,3.42E-191,9.19E-239,2.00E-286,,
3.94E+00,1.15E+03,,2.17E+04,,8.96E-48,8.03E-95,7.20E-142,6.45E-189,1.04E-236,5.19E-283,,
3.96E+00,1.14E+03,,2.14E+04,,3.23E-47,1.04E-93,3.37E-140,1.09E-186,1.17E-234,1.13E-279,,
3.98E+00,1.12E+03,,2.12E+04,,1.15E-46,1.33E-92,1.53E-138,1.77E-184,1.48E-230,2.35E-276,,
4.00E+00,1.11E+03,,2.09E+04,,4.04E-46,1.63E-91,6.58E-137,2.66E-182,1.67E-228,4.33E-273,,
4.02E+00,1.10E+03,,2.07E+04,,1.40E-45,1.96E-90,2.75E-135,3.85E-180,1.89E-226,7.56E-270,,
4.04E+00,1.08E+03,,2.04E+04,,4.73E-45,2.23E-89,1.06E-133,4.99E-178,2.40E-222,1.11E-266,,
4.06E+00,1.07E+03,,2.02E+04,,1.59E-44,2.54E-88,4.05E-132,6.46E-176,2.70E-220,1.64E-263,,
4.08E+00,1.06E+03,,1.99E+04,,5.23E-44,2.73E-87,1.43E-130,7.46E-174,3.05E-218,2.04E-260,,
4.10E+00,1.04E+03,,1.97E+04,,1.71E-43,2.94E-86,5.03E-129,8.63E-172,3.87E-214,2.53E-257,,
4.12E+00,1.03E+03,,1.95E+04,,5.57E-43,3.10E-85,1.73E-127,9.61E-170,4.36E-212,2.98E-254,,
4.14E+00,1.02E+03,,1.92E+04,,1.77E-42,3.15E-84,5.59E-126,9.92E-168,4.92E-210,3.12E-251,,
4.16E+00,1.01E+03,,1.90E+04,,5.60E-42,3.14E-83,1.76E-124,9.86E-166,5.54E-208,3.10E-248,,
4.19E+00,9.96E+02,,1.88E+04,,1.74E-41,3.03E-82,5.27E-123,9.16E-164,4.14E-205,2.77E-245,,
4.21E+00,9.84E+02,,1.85E+04,,5.33E-41,2.84E-81,1.51E-121,8.07E-162,1.20E-202,2.29E-242,,
4.23E+00,9.72E+02,,1.83E+04,,1.61E-40,2.59E-80,4.18E-120,6.72E-160,3.48E-200,1.74E-239,,
4.25E+00,9.61E+02,,1.81E+04,,4.80E-40,2.30E-79,1.10E-118,5.29E-158,6.29E-198,1.22E-236,,
4.27E+00,9.49E+02,,1.79E+04,,1.41E-39,1.99E-78,2.80E-117,3.95E-156,1.83E-195,7.85E-234,,
4.29E+00,9.38E+02,,1.77E+04,,4.09E-39,1.67E-77,6.84E-116,2.80E-154,3.30E-193,4.68E-231,,
4.31E+00,9.27E+02,,1.75E+04,,1.17E-38,1.37E-76,1.61E-114,1.88E-152,5.97E-191,2.58E-228,,
4.33E+00,9.16E+02,,1.73E+04,,3.31E-38,1.09E-75,3.62E-113,1.20E-150,1.08E-188,1.31E-225,,
4.36E+00,9.05E+02,,1.71E+04,,9.23E-38,8.52E-75,7.87E-112,7.27E-149,1.95E-186,6.19E-223,,
4.38E+00,8.94E+02,,1.69E+04,,2.54E-37,6.47E-74,1.64E-110,4.18E-147,3.53E-184,2.70E-220,,
4.40E+00,8.83E+02,,1.67E+04,,6.92E-37,4.79E-73,3.31E-109,2.29E-145,6.38E-182,1.10E-217,,
4.42E+00,8.73E+02,,1.65E+04,,1.89E-36,3.57E-72,6.75E-108,1.28E-143,7.19E-180,4.55E-215,,
4.44E+00,8.62E+02,,1.62E+04,,5.19E-36,2.70E-71,1.40E-106,7.28E-142,1.30E-177,1.97E-212,,
4.47E+00,8.51E+02,,1.60E+04,,1.41E-35,2.00E-70,2.82E-105,3.99E-140,2.35E-175,7.97E-210,,
4.49E+00,8.41E+02,,1.59E+04,,3.80E-35,1.44E-69,5.48E-104,2.08E-138,2.65E-173,3.01E-207,,
4.51E+00,8.31E+02,,1.57E+04,,1.01E-34,1.02E-68,1.02E-102,1.03E-136,2.99E-171,1.05E-204,,
4.53E+00,8.20E+02,,1.55E+04,,2.64E-34,6.97E-68,1.84E-101,4.86E-135,5.40E-169,3.39E-202,,
4.56E+00,8.10E+02,,1.53E+04,,6.83E-34,4.67E-67,3.19E-100,2.18E-133,6.09E-167,1.02E-199,,
4.58E+00,8.00E+02,,1.51E+04,,1.75E-33,3.05E-66,5.33E-99,9.32E-132,6.87E-165,2.84E-197,,
4.60E+00,7.90E+02,,1.49E+04,,4.49E-33,2.02E-65,9.07E-98,4.07E-130,7.74E-163,8.22E-195,,
4.62E+00,7.80E+02,,1.47E+04,,1.15E-32,1.31E-64,1.50E-96,1.72E-128,8.73E-161,2.26E-192,,
4.65E+00,7.71E+02,,1.45E+04,,2.88E-32,8.32E-64,2.40E-95,6.92E-127,6.13E-159,5.76E-190,,
4.67E+00,7.61E+02,,1.43E+04,,7.18E-32,5.15E-63,3.70E-94,2.65E-125,6.91E-157,1.37E-187,,
4.69E+00,7.51E+02,,1.42E+04,,1.76E-31,3.10E-62,5.47E-93,9.63E-124,7.79E-155,2.99E-185,,
4.72E+00,7.42E+02,,1.40E+04,,4.28E-31,1.83E-61,7.82E-92,3.35E-122,5.48E-153,6.12E-183,,
4.74E+00,7.33E+02,,1.38E+04,,1.03E-30,1.05E-60,1.08E-90,1.11E-120,3.85E-151,1.17E-180,,
4.76E+00,7.23E+02,,1.36E+04,,2.43E-30,5.92E-60,1.44E-89,3.51E-119,4.34E-149,2.08E-178,,
4.79E+00,7.14E+02,,1.35E+04,,5.71E-30,3.26E-59,1.86E-88,1.06E-117,3.05E-147,3.45E-176,,
4.81E+00,7.06E+02,,1.33E+04,,1.32E-29,1.75E-58,2.31E-87,3.06E-116,1.34E-145,5.36E-174,,
4.84E+00,6.97E+02,,1.31E+04,,3.03E-29,9.19E-58,2.79E-86,8.45E-115,9.39E-144,7.76E-172,,
4.86E+00,6.88E+02,,1.30E+04,,6.87E-29,4.72E-57,3.24E-85,2.23E-113,6.60E-142,1.05E-169,,
4.88E+00,6.79E+02,,1.28E+04,,1.54E-28,2.37E-56,3.66E-84,5.64E-112,4.64E-140,1.34E-167,,
4.91E+00,6.71E+02,,1.26E+04,,3.42E-28,1.17E-55,4.00E-83,1.37E-110,2.03E-138,1.60E-165,,
4.93E+00,6.63E+02,,1.25E+04,,7.51E-28,5.63E-55,4.23E-82,3.17E-109,8.91E-137,1.79E-163,,
4.96E+00,6.54E+02,,1.23E+04,,1.63E-27,2.66E-54,4.33E-81,7.07E-108,6.26E-135,1.88E-161,,
4.98E+00,6.46E+02,,1.22E+04,,3.51E-27,1.23E-53,4.32E-80,1.51E-106,2.74E-133,1.86E-159,,
5.01E+00,6.38E+02,,1.20E+04,,7.46E-27,5.57E-53,4.16E-79,3.10E-105,1.20E-131,1.73E-157,,
5.03E+00,6.30E+02,,1.19E+04,,1.57E-26,2.47E-52,3.89E-78,6.12E-104,5.26E-130,1.51E-155,,
5.06E+00,6.23E+02,,1.17E+04,,3.28E-26,1.08E-51,3.54E-77,1.16E-102,1.44E-128,1.25E-153,,
5.08E+00,6.15E+02,,1.16E+04,,6.79E-26,4.60E-51,3.12E-76,2.12E-101,6.30E-127,9.76E-152,,
5.11E+00,6.07E+02,,1.14E+04,,1.39E-25,1.93E-50,2.68E-75,3.72E-100,2.76E-125,7.18E-150,,
5.13E+00,6.00E+02,,1.13E+04,,2.82E-25,7.93E-50,2.23E-74,6.29E-99,7.54E-124,4.99E-148,,
5.16E+00,5.92E+02,,1.12E+04,,5.66E-25,3.20E-49,1.81E-73,1.02E-97,3.30E-122,3.28E-146,,
5.19E+00,5.85E+02,,1.10E+04,,1.13E-24,1.27E-48,1.43E-72,1.60E-96,9.03E-121,2.03E-144,,
5.21E+00,5.78E+02,,1.09E+04,,2.22E-24,4.93E-48,1.10E-71,2.43E-95,2.47E-119,1.20E-142,,
5.24E+00,5.71E+02,,1.08E+04,,4.34E-24,1.88E-47,8.18E-71,3.55E-94,6.74E-118,6.68E-141,,
5.26E+00,5.64E+02,,1.06E+04,,8.41E-24,7.07E-47,5.95E-70,5.01E-93,1.84E-116,3.54E-139,,
5.29E+00,5.57E+02,,1.05E+04,,1.62E-23,2.61E-46,4.22E-69,6.82E-92,5.03E-115,1.78E-137,,
5.32E+00,5.50E+02,,1.04E+04,,3.08E-23,9.47E-46,2.91E-68,8.96E-91,1.37E-113,8.48E-136,,
5.34E+00,5.43E+02,,1.02E+04,,5.81E-23,3.37E-45,1.96E-67,1.14E-89,3.75E-112,3.84E-134,,
5.37E+00,5.37E+02,,1.01E+04,,1.09E-22,1.18E-44,1.29E-66,1.40E-88,6.39E-111,1.66E-132,,
5.40E+00,5.30E+02,,9.99E+03,,2.02E-22,4.08E-44,8.25E-66,1.67E-87,1.75E-109,6.81E-131,,
5.42E+00,5.24E+02,,9.87E+03,,3.72E-22,1.39E-43,5.15E-65,1.92E-86,2.97E-108,2.66E-129,,
5.45E+00,5.17E+02,,9.75E+03,,6.80E-22,4.63E-43,3.15E-64,2.14E-85,8.12E-107,9.91E-128,,
5.48E+00,5.11E+02,,9.63E+03,,1.23E-21,1.52E-42,1.87E-63,2.31E-84,1.38E-105,3.51E-126,,
5.51E+00,5.04E+02,,9.51E+03,,2.24E-21,5.02E-42,1.13E-62,2.52E-83,3.78E-104,1.27E-124,,
5.53E+00,4.98E+02,,9.39E+03,,4.05E-21,1.64E-41,6.67E-62,2.70E-82,6.43E-103,4.44E-123,,
5.56E+00,4.92E+02,,9.27E+03,,7.28E-21,5.30E-41,3.86E-61,2.81E-81,1.10E-101,1.49E-121,,
5.59E+00,4.86E+02,,9.16E+03,,1.30E-20,1.68E-40,2.18E-60,2.83E-80,1.87E-100,4.77E-120,,
5.62E+00,4.80E+02,,9.04E+03,,2.29E-20,5.27E-40,1.21E-59,2.77E-79,3.18E-99,1.46E-118,,
5.65E+00,4.74E+02,,8.93E+03,,4.02E-20,1.62E-39,6.52E-59,2.62E-78,5.41E-98,4.25E-117,,
5.67E+00,4.68E+02,,8.82E+03,,7.01E-20,4.91E-39,3.45E-58,2.42E-77,9.21E-97,1.19E-115,,
5.70E+00,4.62E+02,,8.71E+03,,1.21E-19,1.47E-38,1.78E-57,2.16E-76,1.57E-95,3.17E-114,,
5.73E+00,4.56E+02,,8.60E+03,,2.08E-19,4.33E-38,9.00E-57,1.87E-75,2.67E-94,8.10E-113,,
5.76E+00,4.51E+02,,8.50E+03,,3.55E-19,1.26E-37,4.46E-56,1.58E-74,2.84E-93,1.99E-111,,
5.79E+00,4.45E+02,,8.39E+03,,6.00E-19,3.60E-37,2.16E-55,1.30E-73,4.83E-92,4.67E-110,,
5.82E+00,4.40E+02,,8.29E+03,,1.01E-18,1.02E-36,1.03E-54,1.03E-72,5.13E-91,1.05E-108,,
5.85E+00,4.34E+02,,8.19E+03,,1.68E-18,2.83E-36,4.76E-54,8.02E-72,8.74E-90,2.27E-107,,
5.87E+00,4.29E+02,,8.08E+03,,2.79E-18,7.78E-36,2.17E-53,6.05E-71,9.28E-89,4.70E-106,,
5.90E+00,4.24E+02,,7.98E+03,,4.60E-18,2.11E-35,9.70E-53,4.46E-70,9.85E-88,9.42E-105,,
5.93E+00,4.18E+02,,7.89E+03,,7.52E-18,5.65E-35,4.25E-52,3.19E-69,1.68E-86,1.80E-103,,
5.96E+00,4.13E+02,,7.79E+03,,1.22E-17,1.49E-34,1.82E-51,2.22E-68,1.78E-85,3.32E-102,,
5.99E+00,4.08E+02,,7.69E+03,,1.97E-17,3.89E-34,7.68E-51,1.52E-67,1.89E-84,5.90E-101,,
6.02E+00,4.03E+02,,7.60E+03,,3.16E-17,1.00E-33,3.17E-50,1.00E-66,2.01E-83,1.00E-99,,
6.05E+00,3.98E+02,,7.50E+03,,5.05E-17,2.55E-33,1.29E-49,6.50E-66,2.13E-82,1.66E-98,,
6.08E+00,3.93E+02,,7.41E+03,,8.00E-17,6.40E-33,5.12E-49,4.09E-65,2.26E-81,2.62E-97,,
6.11E+00,3.88E+02,,7.32E+03,,1.26E-16,1.59E-32,2.00E-48,2.53E-64,2.40E-80,4.02E-96,,
6.14E+00,3.84E+02,,7.23E+03,,1.97E-16,3.90E-32,7.70E-48,1.52E-63,1.59E-79,5.93E-95,,
6.18E+00,3.79E+02,,,,3.07E-16,9.44E-32,2.90E-47,8.91E-63,1.69E-78,8.41E-94,,
6.21E+00,3.74E+02,,,,4.76E-16,2.26E-31,1.08E-46,5.12E-62,1.79E-77,1.16E-92,,
6.24E+00,3.70E+02,,,,7.32E-16,5.36E-31,3.92E-46,2.87E-61,1.19E-76,1.54E-91,,
6.27E+00,3.65E+02,,,,1.12E-15,1.26E-30,1.41E-45,1.58E-60,1.26E-75,1.98E-90,,
6.30E+00,3.61E+02,,,,1.71E-15,2.92E-30,5.00E-45,8.54E-60,8.34E-75,2.50E-89,,
6.33E+00,3.56E+02,,,,2.61E-15,6.80E-30,1.77E-44,4.62E-59,8.86E-74,3.14E-88,,
6.36E+00,3.52E+02,,,,3.95E-15,1.56E-29,6.17E-44,2.44E-58,5.86E-73,3.81E-87,,
6.39E+00,3.48E+02,,,,5.95E-15,3.55E-29,2.11E-43,1.26E-57,3.88E-72,4.46E-86,,
6.43E+00,3.43E+02,,,,8.93E-15,7.97E-29,7.12E-43,6.36E-57,4.12E-71,5.07E-85,,
6.46E+00,3.39E+02,,,,1.33E-14,1.77E-28,2.36E-42,3.14E-56,2.73E-70,5.58E-84,,
6.49E+00,3.35E+02,,,,1.98E-14,3.91E-28,7.72E-42,1.53E-55,1.81E-69,5.96E-83,,
6.52E+00,3.31E+02,,,,2.92E-14,8.51E-28,2.48E-41,7.24E-55,1.20E-68,6.16E-82,,
6.56E+00,3.27E+02,,,,4.28E-14,1.83E-27,7.84E-41,3.36E-54,7.91E-68,6.15E-81,,
6.59E+00,3.23E+02,,,,6.26E-14,3.92E-27,2.45E-40,1.53E-53,5.24E-67,6.01E-80,,
6.62E+00,3.19E+02,,,,9.10E-14,8.28E-27,7.53E-40,6.85E-53,3.47E-66,5.67E-79,,
6.66E+00,3.15E+02,,,,1.32E-13,1.74E-26,2.29E-39,3.02E-52,2.29E-65,5.24E-78,,
6.69E+00,3.11E+02,,,,1.90E-13,3.62E-26,6.87E-39,1.31E-51,1.52E-64,4.73E-77,,
6.72E+00,3.07E+02,,,,2.73E-13,7.44E-26,2.03E-38,5.54E-51,1.01E-63,4.12E-76,,
6.76E+00,3.03E+02,,,,3.90E-13,1.52E-25,5.91E-38,2.30E-50,6.65E-63,3.49E-75,,
6.79E+00,2.99E+02,,,,5.54E-13,3.07E-25,1.70E-37,9.40E-50,4.41E-62,2.88E-74,,
6.82E+00,2.96E+02,,,,7.83E-13,6.13E-25,4.80E-37,3.76E-49,1.82E-61,2.31E-73,,
6.86E+00,2.92E+02,,,,1.10E-12,1.22E-24,1.34E-36,1.48E-48,1.20E-60,1.81E-72,,
6.89E+00,2.89E+02,,,,1.55E-12,2.40E-24,3.72E-36,5.77E-48,4.97E-60,1.38E-71,,
6.93E+00,2.85E+02,,,,2.17E-12,4.70E-24,1.02E-35,2.21E-47,3.29E-59,1.04E-70,,
6.96E+00,2.81E+02,,,,3.02E-12,9.10E-24,2.75E-35,8.29E-47,2.18E-58,7.55E-70,,
7.00E+00,2.78E+02,,,,4.18E-12,1.75E-23,7.31E-35,3.05E-46,8.98E-58,5.34E-69,,
7.03E+00,2.75E+02,,,,5.77E-12,3.33E-23,1.92E-34,1.11E-45,3.71E-57,3.69E-68,,
7.07E+00,2.71E+02,,,,7.93E-12,6.29E-23,4.98E-34,3.95E-45,2.45E-56,2.48E-67,,
7.10E+00,2.68E+02,,,,1.09E-11,1.18E-22,1.28E-33,1.39E-44,1.01E-55,1.63E-66,,
7.14E+00,2.65E+02,,,,1.48E-11,2.19E-22,3.23E-33,4.77E-44,4.18E-55,1.04E-65,,
7.17E+00,2.61E+02,,,,2.01E-11,4.02E-22,8.07E-33,1.62E-43,2.77E-54,6.52E-65,,
7.21E+00,2.58E+02,,,,2.71E-11,7.36E-22,2.00E-32,5.41E-43,1.14E-53,3.98E-64,,
7.24E+00,2.55E+02,,,,3.65E-11,1.33E-21,4.88E-32,1.78E-42,4.71E-53,2.38E-63,,
7.28E+00,2.52E+02,,,,4.90E-11,2.40E-21,1.18E-31,5.78E-42,1.94E-52,1.39E-62,,
7.32E+00,2.49E+02,,,,6.55E-11,4.29E-21,2.81E-31,1.84E-41,8.02E-52,7.88E-62,,
7.35E+00,2.46E+02,,,,8.72E-11,7.60E-21,6.63E-31,5.78E-41,3.31E-51,4.39E-61,,
7.39E+00,2.43E+02,,,,1.16E-10,1.34E-20,1.54E-30,1.78E-40,1.37E-50,2.38E-60,,
7.43E+00,2.40E+02,,,,1.53E-10,2.33E-20,3.57E-30,5.45E-40,5.64E-50,1.27E-59,,
7.46E+00,2.37E+02,,,,2.01E-10,4.05E-20,8.14E-30,1.64E-39,2.33E-49,6.63E-59,,
7.50E+00,2.34E+02,,,,2.64E-10,6.96E-20,1.84E-29,4.85E-39,9.60E-49,3.38E-58,,
7.54E+00,2.31E+02,,,,3.45E-10,1.19E-19,4.10E-29,1.42E-38,3.96E-48,1.68E-57,,
7.58E+00,2.28E+02,,,,4.49E-10,2.02E-19,9.08E-29,4.08E-38,1.63E-47,8.25E-57,,
7.61E+00,2.26E+02,,,,5.84E-10,3.41E-19,1.99E-28,1.16E-37,4.21E-47,3.95E-56,,
7.65E+00,2.23E+02,,,,7.55E-10,5.70E-19,4.30E-28,3.25E-37,1.74E-46,1.85E-55,,
7.69E+00,2.20E+02,,,,9.74E-10,9.48E-19,9.23E-28,8.98E-37,7.16E-46,8.51E-55,,
7.73E+00,2.17E+02,,,,1.25E-09,1.57E-18,1.96E-27,2.46E-36,2.96E-45,3.85E-54,,
7.77E+00,2.15E+02,,,,1.60E-09,2.57E-18,4.13E-27,6.63E-36,7.61E-45,1.71E-53,,
7.81E+00,2.12E+02,,,,2.05E-09,4.19E-18,8.59E-27,1.76E-35,3.14E-44,7.38E-53,,
7.85E+00,2.10E+02,,,,2.61E-09,6.81E-18,1.78E-26,4.63E-35,8.07E-44,3.16E-52,,
7.89E+00,2.07E+02,,,,3.31E-09,1.09E-17,3.62E-26,1.20E-34,3.33E-43,1.31E-51,,
7.92E+00,2.05E+02,,,,4.19E-09,1.75E-17,7.34E-26,3.08E-34,8.57E-43,5.39E-51,,
7.96E+00,2.02E+02,,,,5.29E-09,2.79E-17,1.48E-25,7.80E-34,3.54E-42,2.18E-50,,
8.00E+00,2.00E+02,,,,6.65E-09,4.42E-17,2.94E-25,1.95E-33,9.10E-42,8.62E-50,,
8.04E+00,1.97E+02,,,,8.33E-09,6.94E-17,5.79E-25,4.82E-33,3.76E-41,3.35E-49,,
8.08E+00,1.95E+02,,,,1.04E-08,1.09E-16,1.13E-24,1.18E-32,9.66E-41,1.28E-48,,
8.12E+00,1.93E+02,,,,1.30E-08,1.69E-16,2.19E-24,2.85E-32,2.49E-40,4.80E-48,,
8.17E+00,1.90E+02,,,,1.61E-08,2.61E-16,4.21E-24,6.80E-32,1.03E-39,1.77E-47,,
8.21E+00,1.88E+02,,,,2.00E-08,4.01E-16,8.02E-24,1.61E-31,2.64E-39,6.44E-47,,
8.25E+00,1.86E+02,,,,2.47E-08,6.13E-16,1.52E-23,3.75E-31,6.79E-39,2.30E-46,,
8.29E+00,1.84E+02,,,,3.05E-08,9.33E-16,2.85E-23,8.70E-31,1.75E-38,8.11E-46,,
8.33E+00,1.81E+02,,,,3.75E-08,1.41E-15,5.29E-23,1.99E-30,7.21E-38,2.80E-45,,
8.37E+00,1.79E+02,,,,4.61E-08,2.12E-15,9.77E-23,4.50E-30,1.86E-37,9.55E-45,,
8.41E+00,1.77E+02,,,,5.63E-08,3.17E-15,1.78E-22,1.00E-29,4.77E-37,3.18E-44,,
8.46E+00,1.75E+02,,,,6.87E-08,4.73E-15,3.25E-22,2.23E-29,1.23E-36,1.06E-43,,
8.50E+00,1.73E+02,,,,8.36E-08,7.00E-15,5.85E-22,4.89E-29,3.16E-36,3.42E-43,,
8.54E+00,1.71E+02,,,,1.02E-07,1.03E-14,1.05E-21,1.06E-28,8.13E-36,1.10E-42,,
9.03E+00,1.49E+02,,,,7.92E-07,6.27E-13,4.96E-19,3.93E-25,2.66E-31,2.47E-37,,
9.65E+00,1.25E+02,,,,7.37E-06,5.43E-11,4.00E-16,2.95E-21,2.24E-26,1.60E-31,,
1.03E+01,1.05E+02,,,,4.90E-05,2.40E-09,1.17E-13,5.75E-18,2.84E-22,1.38E-26,,
1.10E+01,8.85E+01,,,,2.38E-04,5.67E-08,1.35E-11,3.22E-15,6.91E-19,1.82E-22,,
1.17E+01,7.64E+01,,,,7.43E-04,5.52E-07,4.10E-10,3.04E-13,2.10E-16,1.68E-19,,
1.18E+01,7.46E+01,,,,8.84E-04,7.82E-07,6.92E-10,6.12E-13,4.92E-16,4.79E-19,,
1.19E+01,7.35E+01,,,,9.76E-04,9.53E-07,9.30E-10,9.08E-13,8.27E-16,8.66E-19,,
1.19E+01,7.28E+01,,,,1.05E-03,1.10E-06,1.15E-09,1.21E-12,1.15E-15,1.33E-18,,
1.20E+01,1.83E+02,,,,3.16E-08,9.98E-16,3.15E-23,9.96E-31,2.80E-38,9.94E-46,,
1.22E+01,1.76E+02,,,,6.28E-08,3.94E-15,2.48E-22,1.56E-29,7.66E-37,6.14E-44,,
1.26E+01,1.59E+02,,,,3.02E-07,9.10E-14,2.74E-20,8.28E-27,2.36E-33,7.53E-40,,
1.35E+01,1.33E+02,,,,3.45E-06,1.19E-11,4.12E-17,1.42E-22,5.10E-28,1.70E-33,,
1.35E+01,1.33E+02,,,,3.61E-06,1.30E-11,4.71E-17,1.70E-22,5.10E-28,2.22E-33,,
1.37E+01,1.28E+02,,,,5.73E-06,3.28E-11,1.88E-16,1.07E-21,5.42E-27,3.52E-32,,
1.37E+01,1.27E+02,,,,6.52E-06,4.25E-11,2.77E-16,1.81E-21,8.69E-27,7.69E-32,,
1.38E+01,1.74E+02,,,,7.88E-08,6.21E-15,4.90E-22,3.86E-29,1.97E-36,2.40E-43,,
1.40E+01,1.67E+02,,,,1.49E-07,2.23E-14,3.33E-21,4.97E-28,5.38E-35,1.11E-41,,
1.41E+01,1.65E+02,,,,1.77E-07,3.14E-14,5.57E-21,9.88E-28,1.38E-34,3.10E-41,,
1.43E+01,1.58E+02,,,,3.30E-07,1.09E-13,3.59E-20,1.18E-26,3.78E-33,1.29E-39,,
1.43E+01,1.57E+02,,,,3.87E-07,1.50E-13,5.81E-20,2.25E-26,6.07E-33,3.37E-39,,
1.44E+01,1.79E+02,,,,4.85E-08,2.35E-15,1.14E-22,5.54E-30,1.86E-37,1.30E-44,,
1.44E+01,1.78E+02,,,,5.11E-08,2.61E-15,1.33E-22,6.81E-30,2.98E-37,1.78E-44,,
1.46E+01,1.72E+02,,,,9.45E-08,8.92E-15,8.43E-22,7.96E-29,5.07E-36,7.10E-43,,
1.54E+01,1.51E+02,,,,6.60E-07,4.35E-13,2.87E-19,1.89E-25,1.03E-31,8.23E-38,,
1.65E+01,1.27E+02,,,,6.14E-06,3.78E-11,2.32E-16,1.43E-21,8.69E-27,5.38E-32,,
1.76E+01,1.07E+02,,,,4.04E-05,1.63E-09,6.57E-14,2.65E-18,1.10E-22,4.32E-27,,
1.88E+01,9.04E+01,,,,1.99E-04,3.95E-08,7.85E-12,1.56E-15,2.82E-19,6.16E-23,,
2.01E+01,7.62E+01,,,,7.63E-04,5.82E-07,4.44E-10,3.39E-13,2.31E-16,1.98E-19,,
2.15E+01,6.42E+01,,,,2.36E-03,5.58E-06,1.32E-08,3.11E-11,6.70E-14,1.73E-16,,
2.30E+01,5.41E+01,,,,6.09E-03,3.71E-05,2.26E-07,1.38E-09,7.92E-12,5.12E-14,,
2.46E+01,4.56E+01,,,,1.35E-02,1.84E-04,2.49E-06,3.37E-08,4.39E-10,6.19E-12,,
2.63E+01,3.85E+01,,,,2.66E-02,7.06E-04,1.88E-05,4.98E-07,1.26E-08,3.52E-10,,
2.81E+01,3.23E+01,,,,4.78E-02,2.28E-03,1.09E-04,5.21E-06,2.35E-07,1.19E-08,,
3.00E+01,2.70E+01,,,,7.88E-02,6.22E-03,4.90E-04,3.87E-05,2.88E-06,2.40E-07,,
3.21E+01,2.25E+01,,,,1.20E-01,1.43E-02,1.72E-03,2.05E-04,2.41E-05,2.94E-06,,
3.43E+01,1.88E+01,,,,1.69E-01,2.87E-02,4.86E-03,8.22E-04,1.39E-04,2.36E-05,,
3.67E+01,1.58E+01,,,,2.26E-01,5.10E-02,1.15E-02,2.61E-03,5.72E-04,1.33E-04,,
3.92E+01,1.32E+01,,,,2.87E-01,8.25E-02,2.37E-02,6.80E-03,1.96E-03,5.61E-04,,
4.19E+01,1.11E+01,,,,3.51E-01,1.23E-01,4.31E-02,1.51E-02,5.28E-03,1.86E-03,,
4.48E+01,9.35E+00,,,,4.14E-01,1.72E-01,7.11E-02,2.95E-02,1.21E-02,5.06E-03,,
4.79E+01,7.87E+00,,,,4.76E-01,2.27E-01,1.08E-01,5.14E-02,2.43E-02,1.17E-02,,
5.12E+01,6.64E+00,,,,5.35E-01,2.86E-01,1.53E-01,8.19E-02,4.34E-02,2.34E-02,,
5.47E+01,5.60E+00,,,,5.90E-01,3.48E-01,2.06E-01,1.21E-01,7.09E-02,4.22E-02,,
5.85E+01,4.72E+00,,,,6.41E-01,4.11E-01,2.63E-01,1.69E-01,1.08E-01,6.92E-02,,
6.25E+01,3.99E+00,,,,6.87E-01,4.72E-01,3.24E-01,2.22E-01,1.52E-01,1.05E-01,,
6.68E+01,3.36E+00,,,,7.29E-01,5.31E-01,3.87E-01,2.82E-01,2.04E-01,1.50E-01,,
7.15E+01,2.84E+00,,,,7.65E-01,5.86E-01,4.49E-01,3.43E-01,2.61E-01,2.01E-01,,
7.64E+01,2.40E+00,,,,7.98E-01,6.36E-01,5.08E-01,4.05E-01,3.22E-01,2.58E-01,,
7.91E+01,2.20E+00,,,,8.13E-01,6.61E-01,5.37E-01,4.37E-01,3.54E-01,2.89E-01,,
8.03E+01,2.11E+00,,,,8.19E-01,6.71E-01,5.50E-01,4.51E-01,3.69E-01,3.02E-01,,
8.06E+01,2.09E+00,,,,8.21E-01,6.74E-01,5.53E-01,4.54E-01,3.72E-01,3.06E-01,,
8.11E+01,8.66E+00,,,,4.42E-01,1.95E-01,8.64E-02,3.82E-02,1.67E-02,7.46E-03,,
8.17E+01,8.52E+00,,,,4.48E-01,2.01E-01,8.98E-02,4.02E-02,1.79E-02,8.07E-03,,
8.23E+01,8.35E+00,,,,4.55E-01,2.07E-01,9.44E-02,4.30E-02,1.93E-02,8.92E-03,,
8.73E+01,7.21E+00,,,,5.07E-01,2.57E-01,1.30E-01,6.61E-02,3.31E-02,1.70E-02,,
9.33E+01,6.09E+00,,,,5.63E-01,3.17E-01,1.79E-01,1.01E-01,5.63E-02,3.20E-02,,
9.98E+01,5.14E+00,,,,6.16E-01,3.80E-01,2.34E-01,1.44E-01,8.82E-02,5.47E-02,,
1.07E+02,4.34E+00,,,,6.64E-01,4.42E-01,2.93E-01,1.95E-01,1.29E-01,8.61E-02,,
1.14E+02,3.66E+00,,,,7.08E-01,5.01E-01,3.55E-01,2.51E-01,1.77E-01,1.26E-01,,
1.22E+02,3.09E+00,,,,7.47E-01,5.59E-01,4.18E-01,3.12E-01,2.32E-01,1.74E-01,,
1.30E+02,2.61E+00,,,,7.82E-01,6.12E-01,4.79E-01,3.74E-01,2.91E-01,2.29E-01,,
1.39E+02,2.20E+00,,,,8.13E-01,6.60E-01,5.37E-01,4.36E-01,3.54E-01,2.88E-01,,
1.49E+02,1.86E+00,,,,8.39E-01,7.04E-01,5.91E-01,4.95E-01,4.15E-01,3.49E-01,,
1.59E+02,1.58E+00,,,,8.62E-01,7.43E-01,6.40E-01,5.52E-01,4.74E-01,4.10E-01,,
1.70E+02,1.34E+00,,,,8.81E-01,7.77E-01,6.85E-01,6.04E-01,5.31E-01,4.69E-01,,
1.82E+02,1.14E+00,,,,8.98E-01,8.07E-01,7.25E-01,6.51E-01,5.84E-01,5.26E-01,,
1.94E+02,9.68E-01,,,,9.13E-01,8.33E-01,7.61E-01,6.94E-01,6.33E-01,5.78E-01,,
2.08E+02,8.26E-01,,,,9.25E-01,8.56E-01,7.92E-01,7.32E-01,6.77E-01,6.27E-01,,
2.22E+02,7.07E-01,,,,9.36E-01,8.75E-01,8.19E-01,7.66E-01,7.16E-01,6.71E-01,,
2.37E+02,6.06E-01,,,,9.44E-01,8.92E-01,8.42E-01,7.96E-01,7.51E-01,7.10E-01,,
2.54E+02,5.22E-01,,,,9.52E-01,9.06E-01,8.63E-01,8.21E-01,7.81E-01,7.44E-01,,
2.71E+02,4.51E-01,,,,9.58E-01,9.19E-01,8.80E-01,8.44E-01,8.08E-01,7.75E-01,,
2.90E+02,3.91E-01,,,,9.64E-01,9.29E-01,8.95E-01,8.63E-01,8.31E-01,8.02E-01,,
3.10E+02,3.40E-01,,,,9.68E-01,9.38E-01,9.08E-01,8.80E-01,8.52E-01,8.25E-01,,
3.32E+02,2.97E-01,,,,9.72E-01,9.46E-01,9.19E-01,8.94E-01,8.69E-01,8.45E-01,,
3.54E+02,2.61E-01,,,,9.76E-01,9.52E-01,9.29E-01,9.06E-01,8.84E-01,8.63E-01,,
3.79E+02,2.30E-01,,,,9.79E-01,9.58E-01,9.37E-01,9.17E-01,8.97E-01,8.78E-01,,
4.05E+02,2.04E-01,,,,9.81E-01,9.62E-01,9.44E-01,9.26E-01,9.08E-01,8.91E-01,,
4.33E+02,1.82E-01,,,,9.83E-01,9.66E-01,9.50E-01,9.34E-01,9.18E-01,9.02E-01,,
5.00E+02,1.53E-01,,,,1.00E+00,9.71E-01,9.58E-01,9.44E-01,9.30E-01,9.17E-01,,
6.00E+02,1.19E-01,,,,9.89E-01,9.78E-01,9.67E-01,9.56E-01,9.45E-01,9.35E-01,,
8.00E+02,8.60E-02,,,,9.92E-01,9.84E-01,9.76E-01,9.68E-01,9.60E-01,9.52E-01,,
1.00E+03,6.95E-02,,,,9.93E-01,9.87E-01,9.80E-01,9.74E-01,9.68E-01,9.61E-01,,
1.25E+03,5.79E-02,,,,9.95E-01,9.89E-01,9.84E-01,9.78E-01,9.73E-01,9.68E-01,,
1.50E+03,5.17E-02,,,,9.95E-01,9.90E-01,9.85E-01,9.81E-01,9.76E-01,9.71E-01,,
2.00E+03,4.57E-02,,,,9.96E-01,9.91E-01,9.87E-01,9.83E-01,9.79E-01,9.74E-01,,
3.00E+03,4.20E-02,,,,9.96E-01,9.92E-01,9.88E-01,9.84E-01,9.80E-01,9.76E-01,,
4.00E+03,4.17E-02,,,,9.96E-01,9.92E-01,9.88E-01,9.84E-01,9.80E-01,9.77E-01,,
5.00E+03,4.24E-02,,,,9.96E-01,9.92E-01,9.88E-01,9.84E-01,9.80E-01,9.76E-01,,
6.00E+03,4.36E-02,,,,9.96E-01,9.92E-01,9.88E-01,9.84E-01,9.80E-01,9.76E-01,,
8.00E+03,4.63E-02,,,,9.96E-01,9.91E-01,9.87E-01,9.83E-01,9.78E-01,9.74E-01,,
1.00E+04,4.93E-02,,,,9.95E-01,9.91E-01,9.86E-01,9.82E-01,9.77E-01,9.72E-01,,
1.50E+04,5.60E-02,,,,9.95E-01,9.89E-01,9.84E-01,9.79E-01,9.74E-01,9.69E-01,,