E (keV),linear attenuation coeff,P(xi) (d=100 um),P(xi) (d=150 um),P(xi) (d=200 um),P(xi) (d=250 um),P(xi) (d=300 um)
2,16100,1.0649E-70,1.0989E-105,1.134E-140,1.1702E-175,1.2075E-210
2.01,15900,6.1029E-70,1.5076E-104,3.7245E-139,9.2009E-174,2.273E-208
2.02,15800,3.4167E-69,1.9971E-103,1.1674E-137,6.8236E-172,3.9886E-206
2.03,15600,1.9165E-68,2.6531E-102,3.6729E-136,5.0846E-170,7.0389E-204
2.04,15400,1.0447E-67,3.3765E-101,1.0913E-134,3.5273E-168,1.1401E-201
2.05,15300,5.648E-67,4.2446E-100,3.19E-133,2.3974E-166,1.8017E-199
2.06,15100,3.0093E-66,5.2204E-99,9.056E-132,1.571E-164,2.7253E-197
2.07,14900,1.5843E-65,6.3059E-98,2.5099E-130,9.9904E-163,3.9765E-195
2.08,14800,6.8089E-65,5.6184E-97,4.6361E-129,3.8255E-161,3.1567E-193
2.08,14800,8.1477E-65,7.3544E-97,6.6384E-129,5.9921E-161,5.4088E-193
2.09,14600,3.8584E-64,7.5789E-96,1.4887E-127,2.9242E-159,5.744E-191
2.1,14400,1.8023E-63,7.6514E-95,3.2483E-126,1.379E-157,5.8543E-189
2.11,14300,8.315E-63,7.5822E-94,6.9139E-125,6.3046E-156,5.7489E-187
2.12,14100,3.7893E-62,7.3762E-93,1.4359E-123,2.7951E-154,5.4409E-185
2.13,14000,1.7033E-61,7.0299E-92,2.9014E-122,1.1974E-152,4.942E-183
2.15,13800,7.5632E-61,6.5774E-91,5.7202E-121,4.9746E-151,4.3263E-181
2.16,13700,3.3125E-60,6.0289E-90,1.0973E-119,1.9971E-149,3.6347E-179
2.17,13500,1.4348E-59,5.4348E-89,2.0586E-118,7.7978E-148,2.9537E-177
2.18,13400,6.1467E-59,4.8191E-88,3.7782E-117,2.9622E-146,2.3224E-175
2.19,13300,2.6372E-58,4.2828E-87,6.9551E-116,1.1295E-144,1.8342E-173
2.2,13100,1.1276E-57,3.7862E-86,1.2714E-114,4.2692E-143,1.4335E-171
2.21,13000,2.4125E-57,1.1849E-85,5.82E-114,2.8586E-142,1.4041E-170
2.21,34100,1.2109E-148,1.3325E-222,1.4664E-296,0,0
2.21,33900,5.5058E-148,1.2919E-221,3.0313E-295,0,0
2.22,33500,3.4385E-146,6.376E-219,1.1823E-291,0,0
2.22,33400,1.0055E-145,3.1882E-218,1.0109E-290,0,0
2.23,33100,1.9222E-144,2.6649E-216,3.6947E-288,0,0
2.24,32700,1.0177E-142,1.0267E-213,1.0358E-284,0,0
2.25,32300,5.195E-141,3.7444E-211,2.6988E-281,0,0
2.27,31900,2.4929E-139,1.2446E-208,6.2143E-278,0,0
2.28,31500,1.1532E-137,3.9162E-206,1.3299E-274,0,0
2.29,31200,5.0793E-136,1.1447E-203,2.5799E-271,0,0
2.29,31100,8.6078E-136,2.5255E-203,7.4095E-271,0,0
2.29,44500,6.6739E-194,1.7241E-290,0,0,0
2.3,44100,3.8788E-192,7.6393E-288,0,0,0
2.31,43500,8.4958E-190,2.4763E-284,0,0,0
2.32,43000,1.7495E-187,7.3174E-281,0,0,0
2.33,42500,3.3867E-185,1.9709E-277,0,0,0
2.35,42000,6.1631E-183,4.8383E-274,0,0,0
2.36,41400,1.0544E-180,1.0828E-270,0,0,0
2.37,40900,1.696E-178,2.2086E-267,0,0,0
2.38,40600,4.2408E-177,2.7617E-265,0,0,0
2.38,40400,2.5138E-176,3.9855E-264,0,0,0
2.39,39900,3.4213E-174,6.3282E-261,0,0,0
2.41,39500,4.3769E-172,9.1569E-258,0,0,0
2.42,39000,5.2623E-170,1.2072E-254,0,0,0
2.43,38500,6.0225E-168,1.478E-251,0,0,0
2.44,38000,6.4781E-166,1.6488E-248,0,0,0
2.45,37600,6.6323E-164,1.708E-245,0,0,0
2.47,37100,6.4629E-162,1.643E-242,4.0000E-323,0,0
2.48,36700,5.9199E-160,1.4404E-239,3.5045E-319,0,0
2.49,36200,5.1611E-158,1.1725E-236,2.6637E-315,0,0
2.5,35800,4.2295E-156,8.6982E-234,1.7888E-311,0,0
2.52,35300,3.3408E-154,6.1062E-231,1.1161E-307,0,0
2.53,34900,2.4804E-152,3.9065E-228,6.1526E-304,0,0
2.54,34500,1.7753E-150,2.3654E-225,3.1517E-300,0,0
2.54,34500,1.9311E-150,2.6834E-225,3.729E-300,0,0
2.55,34100,1.1404E-148,1.2179E-222,1.3006E-296,0,0
2.57,33700,6.9658E-147,5.8137E-220,4.8522E-293,0,0
2.58,33200,4.1006E-145,2.6259E-217,1.6815E-289,0,0
2.59,32800,2.2971E-143,1.101E-214,5.2769E-286,0,0
2.61,32400,1.2401E-141,4.3671E-212,1.5379E-282,0,0
2.62,32100,6.372E-140,1.6085E-209,4.0602E-279,0,0
2.63,31700,3.1154E-138,5.4987E-207,9.7054E-276,0,0
2.65,31300,1.4497E-136,1.7455E-204,2.1017E-272,0,0
2.66,30900,6.5012E-135,5.2419E-202,4.2266E-269,0,0
2.67,30500,2.7749E-133,1.4617E-199,7.7001E-266,0,0
2.68,30200,1.1414E-131,3.8561E-197,1.3028E-262,0,0
2.7,29800,4.4681E-130,9.4446E-195,1.9964E-259,5.0000E-324,0
2.71,29400,1.6857E-128,2.1887E-192,2.8416E-256,3.6897E-320,0
2.72,29300,6.9971E-128,1.8509E-191,4.8959E-255,1.2951E-318,0
2.73,29100,5.9139E-127,4.5479E-190,3.4974E-253,2.6896E-316,0
2.74,28700,1.9688E-125,8.736E-188,3.8763E-250,1.7200E-312,0
2.74,28700,2.811E-125,1.4904E-187,7.9017E-250,4.1894E-312,0
2.75,32900,9.0617E-144,2.7278E-215,8.2114E-287,0,0
2.75,32700,6.5861E-143,5.345E-214,4.3377E-285,0,0
2.77,32400,2.7904E-141,1.474E-211,7.7865E-282,0,0
2.78,32000,1.1393E-139,3.8456E-209,1.298E-278,0,0
2.79,31600,4.4262E-138,9.3121E-207,1.9591E-275,0,0
2.81,31300,1.6569E-136,2.1328E-204,2.7455E-272,0,0
2.82,30900,5.9774E-135,4.6214E-202,3.5729E-269,0,0
2.84,30600,2.0778E-133,9.4713E-200,4.3173E-266,0,0
2.85,30200,6.8732E-132,1.8019E-197,4.7241E-263,0,0
2.86,29900,2.1908E-130,3.2427E-195,4.7996E-260,0,0
2.88,29500,7.1669E-129,6.0674E-193,5.1365E-257,4.3500E-321,0
2.89,29200,2.2881E-127,1.0945E-190,5.2352E-254,2.5042E-317,0
2.9,28900,3.2321E-126,5.8106E-189,1.0446E-251,1.8780E-314,0
2.91,28800,6.9173E-126,1.8193E-188,4.7849E-251,1.2585E-313,0
2.92,28500,1.9817E-124,2.7897E-186,3.9271E-248,5.5283E-310,0
2.94,28200,5.5393E-123,4.1227E-184,3.0684E-245,2.2837E-306,0
2.95,27800,1.4734E-121,5.6558E-182,2.171E-242,8.3335E-303,0
2.97,27500,3.8241E-120,7.478E-180,1.4623E-239,2.8596E-299,0
2.98,27200,9.5623E-119,9.3507E-178,9.1437E-237,8.9414E-296,0
3,26900,2.3631E-117,1.1487E-175,5.584E-234,2.7145E-292,0
3.01,26500,6.7983E-116,1.7726E-173,4.6217E-231,1.205E-288,0
3.03,26200,1.9574E-114,2.7385E-171,3.8313E-228,5.3602E-285,0
3.04,25900,5.4299E-113,4.0011E-169,2.9484E-225,2.1726E-281,0
3.06,25500,1.4698E-111,5.6351E-167,2.1604E-222,8.2826E-278,0
3.07,25200,3.7858E-110,7.3661E-165,1.4332E-219,2.7887E-274,0
3.09,24900,9.3959E-109,9.1077E-163,8.8283E-217,8.5575E-271,0
3.1,24600,2.2472E-107,1.0653E-160,5.0501E-214,2.394E-267,1.1350E-320
3.11,24500,3.6415E-107,2.1975E-160,1.3261E-213,8.0022E-267,4.8290E-320
3.12,24200,5.0704E-106,1.1417E-158,2.5709E-211,5.789E-264,1.3035E-316
3.13,23900,1.098E-104,1.1505E-156,1.2055E-208,1.2632E-260,1.3236E-312
3.14,23800,6.6549E-104,1.7168E-155,4.4287E-207,1.1425E-258,2.9473E-310
3.15,25100,7.8011E-110,2.1789E-164,6.0857E-219,1.6997E-273,0
3.15,25100,1.408E-109,5.2833E-164,1.9825E-218,7.439E-273,0
3.17,24800,1.8708E-108,2.5589E-162,3.5001E-216,4.7873E-270,5.0000E-324
3.18,24500,4.3232E-107,2.8426E-160,1.869E-213,1.2289E-266,8.0804E-320
3.2,24200,9.6255E-106,2.9863E-158,9.2651E-211,2.8745E-263,8.9182E-316
3.21,23900,2.0648E-104,2.9671E-156,4.2635E-208,6.1265E-260,8.8035E-312
3.23,23600,4.3213E-103,2.8407E-154,1.8674E-205,1.2276E-256,8.0696E-308
3.25,23300,8.6053E-102,2.5244E-152,7.4051E-203,2.1723E-253,6.3723E-304
3.26,23000,1.651E-100,2.1215E-150,2.726E-200,3.5027E-250,4.5007E-300
3.28,22700,3.0524E-99,1.6864E-148,9.3171E-198,5.1475E-247,2.8439E-296
3.29,22400,5.5055E-98,1.2918E-146,3.031E-195,7.1119E-244,1.6687E-292
3.31,22100,9.3302E-97,9.0123E-145,8.7052E-193,8.4086E-241,8.1221E-289
3.32,22000,4.0909E-96,8.2743E-144,1.6736E-191,3.3849E-239,6.8464E-287
3.33,21800,1.4832E-95,5.712E-143,2.1998E-190,8.4719E-238,3.2627E-285
3.34,21600,2.2076E-94,3.28E-141,4.8734E-188,7.2409E-235,1.0759E-281
3.36,21300,3.2053E-93,1.8147E-139,1.0274E-185,5.8167E-232,3.2932E-278
3.38,21000,4.4841E-92,9.4953E-138,2.0107E-183,4.2577E-229,9.016E-275
3.39,20800,6.1193E-91,4.7869E-136,3.7446E-181,2.9292E-226,2.2914E-271
3.41,20500,7.9443E-90,2.2392E-134,6.3112E-179,1.7789E-223,5.0139E-268
3.42,20400,2.1301E-89,9.8311E-134,4.5374E-178,2.0941E-222,9.6651E-267
3.43,21100,1.9976E-92,2.8233E-138,3.9903E-184,5.6396E-230,7.9708E-276
3.43,21100,3.5178E-92,6.5978E-138,1.2375E-183,2.321E-229,4.3532E-275
3.45,20900,2.5637E-91,1.2981E-136,6.5725E-182,3.3278E-227,1.685E-272
3.46,20600,3.2096E-90,5.7502E-135,1.0302E-179,1.8456E-224,3.3065E-269
3.48,20400,3.9207E-89,2.455E-133,1.5372E-177,9.6253E-222,6.0269E-266
3.5,20100,4.614E-88,9.9109E-132,2.1289E-175,4.5728E-219,9.8225E-263
3.51,19900,5.2305E-87,3.7828E-130,2.7358E-173,1.9786E-216,1.431E-259
3.53,19600,5.7853E-86,1.3915E-128,3.347E-171,8.0503E-214,1.9363E-256
3.55,19400,5.0416E-85,3.5798E-127,2.5418E-169,1.8048E-211,1.2815E-253
3.55,19400,6.2297E-85,4.917E-127,3.881E-169,3.0632E-211,2.4177E-253
3.57,19200,6.3214E-84,1.5894E-125,3.9961E-167,1.0047E-208,2.5261E-250
3.59,18900,6.4177E-83,5.1413E-124,4.1187E-165,3.2995E-206,2.6433E-247
3.6,18700,6.3552E-82,1.6021E-122,4.0389E-163,1.0182E-203,2.5668E-244
3.62,18500,6.1398E-81,4.811E-121,3.7697E-161,2.9538E-201,2.3145E-241
3.64,18200,5.7139E-80,1.3658E-119,3.2649E-159,7.8044E-199,1.8655E-238
3.66,18000,5.1873E-79,3.7361E-118,2.6909E-157,1.938E-196,1.3958E-235
3.68,17800,4.5939E-78,9.8464E-117,2.1104E-155,4.5234E-194,9.6952E-233
3.69,17600,3.9191E-77,2.4534E-115,1.5359E-153,9.6151E-192,6.0193E-230
3.71,17400,3.3028E-76,6.0023E-114,1.0908E-151,1.9824E-189,3.6028E-227
3.73,17200,2.6815E-75,1.3886E-112,7.1905E-150,3.7235E-187,1.9281E-224
3.75,17000,2.1507E-74,3.1541E-111,4.6255E-148,6.7835E-185,9.9482E-222
3.77,16800,1.6617E-73,6.7734E-110,2.7611E-146,1.1255E-182,4.588E-219
3.79,16600,1.2524E-72,1.4015E-108,1.5684E-144,1.7552E-180,1.9642E-216
3.79,16500,2.2325E-72,3.3357E-108,4.9841E-144,7.447E-180,1.1127E-215
3.81,16400,9.238E-72,2.8078E-107,8.5341E-143,2.5939E-178,7.8838E-214
3.83,16200,6.5387E-71,5.2874E-106,4.2755E-141,3.4573E-176,2.7956E-211
3.84,16000,4.5716E-70,9.7746E-105,2.0899E-139,4.4685E-174,9.5542E-209
3.85,15900,7.7242E-70,2.1467E-104,5.9663E-139,1.6582E-173,4.6085E-208
3.86,15800,3.0691E-69,1.7002E-103,9.4191E-138,5.2181E-172,2.8908E-206
3.88,15600,2.0327E-68,2.8982E-102,4.132E-136,5.8912E-170,8.3994E-204
3.9,15400,1.3134E-67,4.7597E-101,1.725E-134,6.2513E-168,2.2655E-201
3.91,15300,2.3698E-67,1.1536E-100,5.6159E-134,2.7338E-167,1.3309E-200
3.92,15200,8.2631E-67,7.5113E-100,6.8279E-133,6.2067E-166,5.642E-199
3.92,15200,1.0386E-66,1.0585E-99,1.0788E-132,1.0994E-165,1.1205E-198
3.94,16000,3.4575E-70,6.4291E-105,1.1955E-139,2.2229E-174,4.1333E-209
3.95,16300,1.7034E-71,7.0305E-107,2.9017E-142,1.1976E-177,4.9428E-213
3.96,16200,6.5873E-71,5.3464E-106,4.3392E-141,3.5218E-176,2.8584E-211
3.98,16000,4.8397E-70,1.0647E-104,2.3423E-139,5.1529E-174,1.1336E-208
4,15800,3.4725E-69,2.0463E-103,1.2058E-137,7.1056E-172,4.1872E-206
4.01,15700,6.2026E-69,4.885E-103,3.8472E-137,3.03E-171,2.3863E-205
4.02,15600,2.4356E-68,3.8011E-102,5.9321E-136,9.2578E-170,1.4448E-203
4.04,15400,1.6392E-67,6.6366E-101,2.6869E-134,1.0879E-167,4.4044E-201
4.06,15300,5.8398E-67,4.4627E-100,3.4104E-133,2.6062E-166,1.9916E-199
4.06,15200,1.1011E-66,1.1554E-99,1.2124E-132,1.2723E-165,1.335E-198
4.07,15100,3.075E-66,5.3923E-99,9.4558E-132,1.6582E-164,2.9077E-197
4.08,15000,7.0344E-66,1.8657E-98,4.9483E-131,1.3124E-163,3.4809E-196
4.1,14800,4.4595E-65,2.978E-97,1.9887E-129,1.328E-161,8.8685E-194
4.12,14600,2.795E-64,4.6728E-96,7.8122E-128,1.3061E-159,2.1836E-191
4.14,14500,8.2461E-64,2.368E-95,6.7999E-127,1.9527E-158,5.6073E-190
4.14,14500,1.6897E-63,6.9458E-95,2.8551E-126,1.1736E-157,4.8244E-189
4.15,14400,3.44E-63,2.0176E-94,1.1833E-125,6.9404E-157,4.0706E-188
4.16,14600,4.582E-64,9.8082E-96,2.0995E-127,4.4942E-159,9.6201E-191
4.18,14800,5.8552E-65,4.4804E-97,3.4283E-129,2.6233E-161,2.0074E-193
4.19,14700,1.2125E-64,1.3351E-96,1.47E-128,1.6187E-160,1.7824E-192
4.21,14500,7.4361E-64,2.0278E-95,5.5296E-127,1.5079E-158,4.1118E-190
4.23,14400,4.4829E-63,3.0015E-94,2.0096E-125,1.3455E-156,9.0088E-188
4.24,14300,1.2417E-62,1.3836E-93,1.5418E-124,1.718E-155,1.9144E-186
4.25,14200,2.6245E-62,4.2517E-93,6.8878E-124,1.1158E-154,1.8077E-185
4.27,14000,1.4879E-61,5.7395E-92,2.214E-122,8.5401E-153,3.2942E-183
4.29,13800,8.3003E-61,7.5621E-91,6.8895E-121,6.2767E-151,5.7185E-181
4.31,13700,4.5563E-60,9.7256E-90,2.076E-119,4.4312E-149,9.4587E-179
4.33,13500,2.4609E-59,1.2208E-88,6.0559E-118,3.0042E-147,1.4903E-176
4.33,13500,2.6504E-59,1.3645E-88,7.0248E-118,3.6165E-147,1.8619E-176
4.36,13300,1.2788E-58,1.4461E-87,1.6354E-116,1.8494E-145,2.0913E-174
4.38,13200,5.6652E-58,1.3484E-86,3.2094E-115,7.6389E-144,1.8182E-172
4.38,13200,6.5184E-58,1.6642E-86,4.249E-115,1.0848E-143,2.7697E-172
4.4,13000,3.2074E-57,1.8164E-85,1.0287E-113,5.826E-142,3.2995E-170
4.42,12800,1.5881E-56,2.0014E-84,2.5222E-112,3.1785E-140,4.0056E-168
4.44,12700,7.4303E-56,2.0254E-83,5.5209E-111,1.5049E-138,4.1022E-166
4.44,12700,7.9396E-56,2.2372E-83,6.3038E-111,1.7762E-138,5.0049E-166
4.46,12600,2.6601E-55,1.372E-82,7.0764E-110,3.6497E-137,1.8824E-164
4.47,12600,2.2452E-55,1.0638E-82,5.0408E-110,2.3885E-137,1.1317E-164
4.49,12700,1.0994E-55,3.6454E-83,1.2087E-110,4.0078E-138,1.3289E-165
4.49,12600,1.1645E-55,3.9738E-83,1.356E-110,4.6274E-138,1.5791E-165
4.51,12500,5.5438E-55,4.1277E-82,3.0734E-109,2.2883E-136,1.7038E-163
4.53,12300,2.5997E-54,4.1916E-81,6.7584E-108,1.0897E-134,1.757E-161
4.55,12200,1.0852E-53,3.5752E-80,1.1778E-106,3.8799E-133,1.2782E-159
4.56,12200,1.1994E-53,4.1537E-80,1.4385E-106,4.9819E-133,1.7253E-159
4.58,12000,5.3581E-53,3.9221E-79,2.8709E-105,2.1015E-131,1.5383E-157
4.6,11900,2.4148E-52,3.7526E-78,5.8314E-104,9.0617E-130,1.4082E-155
4.62,11700,1.0774E-51,3.5364E-77,1.1608E-102,3.81E-128,1.2506E-153
4.63,11700,2.012E-51,9.025E-77,4.0482E-102,1.8159E-127,8.1451E-153
4.65,11600,4.6313E-51,3.1518E-76,2.1449E-101,1.4597E-126,9.9337E-152
4.67,11400,1.9293E-50,2.6798E-75,3.7222E-100,5.1701E-125,7.1812E-150
4.69,11300,7.9047E-50,2.2224E-74,6.2484E-99,1.7568E-123,4.9392E-148
4.72,11200,3.1933E-49,1.8046E-73,1.0197E-97,5.7626E-122,3.2564E-146
4.74,11000,1.272E-48,1.4346E-72,1.618E-96,1.8248E-120,2.058E-144
4.76,10900,4.9897E-48,1.1146E-71,2.4898E-95,5.5615E-119,1.2423E-142
4.79,10800,1.93E-47,8.4786E-71,3.7247E-94,1.6363E-117,7.1886E-141
4.81,10600,7.3603E-47,6.3146E-70,5.4174E-93,4.6477E-116,3.9874E-139
4.84,10500,2.7677E-46,4.6044E-69,7.6601E-92,1.2744E-114,2.1201E-137
4.86,10400,1.0264E-45,3.2882E-68,1.0534E-90,3.3749E-113,1.0812E-135
4.88,10200,3.7574E-45,2.3032E-67,1.4118E-89,8.6541E-112,5.3047E-134
4.91,10100,1.358E-44,1.5826E-66,1.8443E-88,2.1492E-110,2.5046E-132
4.93,9970,4.84E-44,1.0648E-65,2.3426E-87,5.1538E-109,1.1338E-130
4.95,9870,1.3246E-43,4.8209E-65,1.7546E-86,6.3857E-108,2.3241E-129
4.96,9850,1.6878E-43,6.9339E-65,2.8486E-86,1.1703E-107,4.8079E-129
4.98,9730,5.6103E-43,4.2023E-64,3.1476E-85,2.3576E-106,1.7659E-127
5.01,9610,1.8385E-42,2.4929E-63,3.3801E-84,4.5831E-105,6.2144E-126
5.03,9490,5.9545E-42,1.453E-62,3.5457E-83,8.6521E-104,2.1113E-124
5.06,9380,1.9061E-41,8.3218E-62,3.6332E-82,1.5862E-102,6.9253E-123
5.08,9260,6.0228E-41,4.6741E-61,3.6275E-81,2.8152E-101,2.1848E-121
5.11,9150,1.8809E-40,2.5796E-60,3.5379E-80,4.8521E-100,6.6545E-120
5.13,9030,5.8058E-40,1.3989E-59,3.3707E-79,8.1218E-99,1.957E-118
5.16,8920,1.7712E-39,7.4541E-59,3.1371E-78,1.3203E-97,5.5564E-117
5.19,8810,5.3405E-39,3.9028E-58,2.8521E-77,2.0843E-96,1.5232E-115
5.21,8700,1.5936E-38,2.0117E-57,2.5396E-76,3.2059E-95,4.047E-114
5.24,8600,4.6999E-38,1.0189E-56,2.2089E-75,4.7888E-94,1.0382E-112
5.26,8490,1.3718E-37,5.0807E-56,1.8817E-74,6.9695E-93,2.5813E-111
5.29,8380,3.9622E-37,2.4941E-55,1.5699E-73,9.8821E-92,6.2204E-110
5.3,8360,4.7773E-37,3.302E-55,2.2823E-73,1.5775E-91,1.0903E-109
5.32,8280,1.0994E-36,1.1527E-54,1.2087E-72,1.2673E-90,1.3288E-108
5.34,8180,2.9998E-36,5.1956E-54,8.9988E-72,1.5586E-89,2.6994E-107
5.37,8080,8.1092E-36,2.3092E-53,6.576E-71,1.8726E-88,5.3326E-106
5.4,7980,2.1691E-35,1.0102E-52,4.7049E-70,2.1912E-87,1.0205E-104
5.42,7880,5.7409E-35,4.3498E-52,3.2957E-69,2.4971E-86,1.892E-103
5.45,7790,1.5054E-34,1.847E-51,2.2661E-68,2.7804E-85,3.4113E-102
5.48,7690,3.9058E-34,7.7191E-51,1.5255E-67,3.0149E-84,5.9584E-101
5.51,7600,1.0181E-33,3.2483E-50,1.0364E-66,3.307E-83,1.0552E-99
5.53,7500,2.639E-33,1.3557E-49,6.9642E-66,3.5775E-82,1.8378E-98
5.56,7410,6.7774E-33,5.5795E-49,4.5934E-65,3.7815E-81,3.1131E-97
5.59,7310,1.7245E-32,2.2646E-48,2.9739E-64,3.9053E-80,5.1284E-96
5.62,7220,4.3473E-32,9.0643E-48,1.8899E-63,3.9406E-79,8.2162E-95
5.65,7130,1.0844E-31,3.5712E-47,1.176E-62,3.8727E-78,1.2753E-93
5.66,7080,1.795E-31,7.6049E-47,3.222E-62,1.3651E-77,5.7834E-93
5.67,7040,2.6452E-31,1.3605E-46,6.9971E-62,3.5987E-77,1.8509E-92
5.7,6950,6.2773E-31,4.9735E-46,3.9404E-61,3.122E-76,2.4735E-91
5.73,6870,1.4757E-30,1.7926E-45,2.1776E-60,2.6454E-75,3.2135E-90
5.76,6780,3.4408E-30,6.3826E-45,1.1839E-59,2.1961E-74,4.0737E-89
5.79,6700,7.9478E-30,2.2406E-44,6.3167E-59,1.7808E-73,5.0204E-88
5.82,6620,1.8209E-29,7.77E-44,3.3156E-58,1.4148E-72,6.0373E-87
5.85,6540,4.1326E-29,2.6567E-43,1.7079E-57,1.0979E-71,7.058E-86
5.87,6450,9.3032E-29,8.9732E-43,8.6549E-57,8.348E-71,8.0519E-85
5.9,6370,2.0799E-28,2.9996E-42,4.326E-56,6.2389E-70,8.9977E-84
5.93,6290,4.6065E-28,9.8869E-42,2.122E-55,4.5544E-69,9.775E-83
5.96,6220,1.012E-27,3.2192E-41,1.0241E-54,3.2577E-68,1.0363E-81
5.99,6140,2.2078E-27,1.0374E-40,4.8746E-54,2.2905E-67,1.0762E-80
6.02,6060,4.7719E-27,3.2964E-40,2.2771E-53,1.573E-66,1.0866E-79
6.05,5990,9.7559E-27,9.636E-40,9.5177E-53,9.4008E-66,9.2853E-79
6.05,5980,1.0237E-26,1.0357E-39,1.0479E-52,1.0602E-65,1.0727E-78
6.08,5910,2.1171E-26,3.0804E-39,4.4821E-52,6.5215E-65,9.4889E-78
6.11,5840,4.3533E-26,9.0831E-39,1.8952E-51,3.9542E-64,8.2502E-77
6.14,5770,8.878E-26,2.6453E-38,7.8818E-51,2.3485E-63,6.9975E-76
6.18,5700,1.7956E-25,7.6089E-38,3.2242E-50,1.3663E-62,5.7895E-75
6.21,5630,3.611E-25,2.1699E-37,1.3039E-49,7.8354E-62,4.7084E-74
6.24,5560,7.2018E-25,6.1118E-37,5.1867E-49,4.4016E-61,3.7354E-73
6.27,5490,1.4282E-24,1.7067E-36,2.0396E-48,2.4375E-60,2.9129E-72
6.3,5420,2.8195E-24,4.7342E-36,7.9493E-48,1.3348E-59,2.2413E-71
6.33,5350,5.5694E-24,1.3143E-35,3.1018E-47,7.3201E-59,1.7275E-70
6.36,5290,1.0911E-23,3.6041E-35,1.1905E-46,3.9324E-58,1.299E-69
6.39,5220,2.1227E-23,9.7798E-35,4.5058E-46,2.076E-57,9.5645E-69
6.43,5150,4.1061E-23,2.6311E-34,1.686E-45,1.0804E-56,6.9228E-68
6.46,5090,7.8875E-23,7.005E-34,6.2212E-45,5.5252E-56,4.907E-67
6.47,5070,9.6542E-23,9.4859E-34,9.3204E-45,9.1579E-56,8.9982E-67
6.49,5030,1.4805E-22,1.8014E-33,2.1918E-44,2.6669E-55,3.2449E-66
6.52,4960,2.7375E-22,4.5292E-33,7.4937E-44,1.2399E-54,2.0514E-65
6.56,4900,5.0259E-22,1.1267E-32,2.526E-43,5.6628E-54,1.2695E-64
6.59,4840,9.1852E-22,2.7838E-32,8.4368E-43,2.5569E-53,7.7493E-64
6.62,4780,1.6668E-21,6.8051E-32,2.7783E-42,1.1343E-52,4.6309E-63
6.66,4730,3.011E-21,1.6522E-31,9.0658E-42,4.9746E-52,2.7297E-62
6.69,4670,5.4142E-21,3.9838E-31,2.9314E-41,2.1569E-51,1.5871E-61
6.72,4610,9.6669E-21,9.5045E-31,9.3449E-41,9.1879E-51,9.0336E-61
6.76,4550,1.716E-20,2.2479E-30,2.9446E-40,3.8573E-50,5.053E-60
6.79,4490,3.0284E-20,5.2701E-30,9.1712E-40,1.596E-49,2.7774E-59
6.82,4440,5.3136E-20,1.2248E-29,2.8234E-39,6.5082E-49,1.5002E-58
6.86,4380,9.2807E-20,2.8273E-29,8.6132E-39,2.624E-48,7.9937E-58
6.89,4330,1.6136E-19,6.4819E-29,2.6038E-38,1.0459E-47,4.2015E-57
6.92,4290,2.3566E-19,1.144E-28,5.5536E-38,2.696E-47,1.3088E-56
6.93,4270,2.7743E-19,1.4613E-28,7.6967E-38,4.054E-47,2.1353E-56
6.96,4220,4.6719E-19,3.1933E-28,2.1826E-37,1.4918E-46,1.0197E-55
7,4170,7.8209E-19,6.9164E-28,6.1166E-37,5.4093E-46,4.7837E-55
7.03,4120,1.3032E-18,1.4877E-27,1.6983E-36,1.9387E-45,2.2131E-54
7.07,4070,2.1586E-18,3.1716E-27,4.6598E-36,6.8463E-45,1.0059E-53
7.1,4020,3.5591E-18,6.7146E-27,1.2668E-35,2.3898E-44,4.5086E-53
7.14,3970,5.8337E-18,1.409E-26,3.4032E-35,8.2198E-44,1.9853E-52
7.17,3920,9.5176E-18,2.9362E-26,9.0585E-35,2.7946E-43,8.6215E-52
7.21,3870,1.5456E-17,6.0763E-26,2.3889E-34,9.3915E-43,3.6922E-51
7.24,3820,2.4983E-17,1.2488E-25,6.2417E-34,3.1198E-42,1.5594E-50
7.28,3780,4.0197E-17,2.5485E-25,1.6158E-33,1.0244E-41,6.495E-50
7.32,3730,6.4294E-17,5.1554E-25,4.1338E-33,3.3146E-41,2.6578E-49
7.35,3680,1.0249E-16,1.0376E-24,1.0505E-32,1.0635E-40,1.0766E-48
7.39,3640,1.6242E-16,2.07E-24,2.6382E-32,3.3622E-40,4.285E-48
7.39,3630,1.6762E-16,2.1701E-24,2.8095E-32,3.6373E-40,4.7091E-48
7.43,3590,2.5225E-16,4.0062E-24,6.3628E-32,1.0105E-39,1.605E-47
7.46,3550,3.8941E-16,7.6844E-24,1.5164E-31,2.9924E-39,5.905E-47
7.5,3510,5.9834E-16,1.4636E-23,3.5801E-31,8.7571E-39,2.1421E-46
7.54,3460,9.1503E-16,2.7679E-23,8.3729E-31,2.5328E-38,7.6615E-46
7.58,3420,1.3945E-15,5.2076E-23,1.9447E-30,7.2622E-38,2.712E-45
7.61,3380,2.1153E-15,9.7289E-23,4.4746E-30,2.058E-37,9.4652E-45
7.65,3340,3.1936E-15,1.8048E-22,1.0199E-29,5.7637E-37,3.2572E-44
7.69,3300,4.8049E-15,3.3306E-22,2.3087E-29,1.6003E-36,1.1093E-43
7.73,3260,7.2044E-15,6.115E-22,5.1903E-29,4.4054E-36,3.7393E-43
7.77,3220,1.0751E-14,1.1148E-21,1.1559E-28,1.1986E-35,1.2428E-42
7.81,3180,1.597E-14,2.0181E-21,2.5503E-28,3.2228E-35,4.0727E-42
7.85,3140,2.3669E-14,3.6414E-21,5.6021E-28,8.6186E-35,1.3259E-41
7.89,3100,3.4871E-14,6.5118E-21,1.216E-27,2.2708E-34,4.2404E-41
7.9,3080,4.1417E-14,8.4289E-21,1.7154E-27,3.491E-34,7.1046E-41
7.92,3060,5.0853E-14,1.1468E-20,2.5861E-27,5.8318E-34,1.3151E-40
7.96,3020,7.3421E-14,1.9895E-20,5.3907E-27,1.4607E-33,3.9579E-40
8,2990,1.055E-13,3.4267E-20,1.113E-26,3.6152E-33,1.1743E-39
8.04,2950,1.5107E-13,5.8716E-20,2.2821E-26,8.8701E-33,3.4476E-39
8.08,2920,2.1556E-13,1.0008E-19,4.6465E-26,2.1573E-32,1.0016E-38
8.12,2880,3.065E-13,1.6969E-19,9.3944E-26,5.201E-32,2.8794E-38
8.17,2850,4.343E-13,2.8621E-19,1.8861E-25,1.243E-31,8.1914E-38
8.21,2810,6.1323E-13,4.8021E-19,3.7605E-25,2.9448E-31,2.306E-37
8.25,2780,8.6285E-13,8.0151E-19,7.4452E-25,6.9158E-31,6.4241E-37
8.29,2740,1.2114E-12,1.3333E-18,1.4674E-24,1.6151E-30,1.7776E-36
8.33,2710,1.6926E-12,2.2022E-18,2.865E-24,3.7275E-30,4.8495E-36
8.37,2680,2.3598E-12,3.6251E-18,5.5687E-24,8.5545E-30,1.3141E-35
8.41,2640,3.2744E-12,5.925E-18,1.0721E-23,1.9401E-29,3.5106E-35
8.45,2620,4.2865E-12,8.8747E-18,1.8374E-23,3.8042E-29,7.8761E-35
8.46,2610,4.5294E-12,9.6395E-18,2.0515E-23,4.3661E-29,9.292E-35
8.5,2580,6.1737E-12,1.534E-17,3.8115E-23,9.4704E-29,2.3531E-34
8.54,2550,8.3958E-12,2.4327E-17,7.0489E-23,2.0425E-28,5.9181E-34
9.03,2220,2.2725E-10,3.4257E-15,5.1642E-20,7.7848E-25,1.1735E-29
9.65,1860,0.000000008,7.146E-13,6.3888E-17,5.7118E-21,5.1066E-25
10.3,1560,0.000000162,6.5191E-11,2.6237E-14,1.056E-17,4.2499E-21
11,1310,1.9928E-06,2.8131E-09,3.9712E-12,5.6059E-15,7.9137E-18
11.7,1130,0.000012051,4.1834E-08,1.4522E-10,5.0414E-13,1.7501E-15
11.8,1100,0.000015978,6.3869E-08,2.553E-10,1.0205E-12,4.0792E-15
11.9,1090,0.000018638,8.0464E-08,3.4738E-10,1.4997E-12,6.4745E-15
11.9,1080,0.000020827,0.000000095,4.3376E-10,1.9796E-12,9.034E-15
12,2470,1.9062E-11,8.3223E-17,3.6335E-22,1.5864E-27,6.926E-33
12.2,2370,5.0721E-11,3.6122E-16,2.5726E-21,1.8321E-26,1.3048E-31
12.6,2150,4.8076E-10,1.0541E-14,2.3113E-19,5.0677E-24,1.1112E-28
13.5,1800,1.5635E-08,1.955E-12,2.4446E-16,3.0567E-20,3.8221E-24
13.5,1790,1.6667E-08,2.1517E-12,2.7779E-16,3.5863E-20,4.63E-24
13.7,1730,3.2069E-08,5.7427E-12,1.0284E-15,1.8416E-19,3.2979E-23
13.7,1710,3.8589E-08,7.5803E-12,1.4891E-15,2.9251E-19,5.7461E-23
13.8,2300,1.0663E-10,1.1011E-15,1.137E-20,1.1741E-25,1.2124E-30
14,2210,2.6133E-10,4.2245E-15,6.8292E-20,1.104E-24,1.7846E-29
14.1,2180,3.3256E-10,6.0647E-15,1.106E-19,2.0169E-24,3.6781E-29
14.3,2090,7.9724E-10,2.251E-14,6.3559E-19,1.7946E-23,5.0671E-28
14.3,2070,0.000000001,3.159E-14,9.9863E-19,3.1569E-23,9.9795E-28
14.4,2350,6.2899E-11,4.9885E-16,3.9563E-21,3.1377E-26,2.4885E-31
14.4,2340,6.7603E-11,5.5584E-16,4.5702E-21,3.7576E-26,3.0896E-31
14.6,2260,1.5911E-10,2.0069E-15,2.5315E-20,3.1931E-25,4.0277E-30
15.4,1980,2.414E-09,1.186E-13,5.8272E-18,2.863E-22,1.4067E-26
16.5,1670,5.4424E-08,1.2697E-11,2.962E-15,6.91E-19,1.612E-22
17.6,1410,0.000000753,6.534E-10,5.6699E-13,4.92E-16,4.2693E-19
18.8,1190,6.9653E-06,1.8383E-08,4.8515E-11,1.2804E-13,3.3792E-16
20.1,1000,0.000045552,3.0744E-07,2.075E-09,1.4005E-11,9.4522E-14
21.5,842,0.00022034,3.2706E-06,4.8548E-08,7.2064E-10,1.0697E-11
23,710,0.00082669,0.000023769,6.8341E-07,1.9649E-08,5.6496E-10
24.6,598,0.0025175,0.00012631,6.3376E-06,0.000000318,0.000000016
26.3,505,0.006433,0.00051597,0.000041384,3.3192E-06,2.6622E-07
28.1,423,0.014569,0.0017585,0.00021226,0.00002562,3.0923E-06
28.6,403,0.017703,0.0023555,0.00031341,0.0000417,5.5484E-06
29.1,388,0.02073,0.0029846,0.00042972,0.00006187,8.9079E-06
29.2,383,0.021619,0.0031788,0.00046739,0.000068723,0.000010105
29.3,446,0.011613,0.0012515,0.00013487,0.000014534,1.5663E-06
29.8,427,0.013956,0.0016487,0.00019476,0.000023008,2.7181E-06
30,418,0.015359,0.0019034,0.00023589,0.000029234,0.000003623
32.1,349,0.030464,0.0053171,0.00092805,0.00016198,0.000028272
34.3,292,0.053794,0.012477,0.0028938,0.00067117,0.00015567
36.7,245,0.08634,0.02537,0.0074546,0.0021904,0.00064363
39.2,205,0.12816,0.045879,0.016424,0.0058797,0.0021049
41.9,172,0.17832,0.075299,0.031797,0.013427,0.00567
44.8,145,0.23489,0.11384,0.055173,0.02674,0.01296
47.9,122,0.2957,0.1608,0.087439,0.047548,0.025856
51.2,103,0.35848,0.21463,0.12851,0.076941,0.046067
54.7,86.4,0.42166,0.27381,0.1778,0.11545,0.074969
58.5,72.8,0.48295,0.33562,0.23324,0.16209,0.11264
62.5,61.3,0.54168,0.39867,0.29341,0.21595,0.15894
66.8,51.6,0.59703,0.46131,0.35645,0.27542,0.21281
71.5,43.5,0.64754,0.52108,0.41931,0.33742,0.27152
76.4,36.7,0.69299,0.57689,0.48024,0.39978,0.3328
79.1,33.6,0.71463,0.60412,0.5107,0.43173,0.36496
80.3,32.3,0.72381,0.6158,0.5239,0.44572,0.3792
80.6,32,0.72628,0.61895,0.52748,0.44953,0.3831
81.1,115,0.31753,0.17893,0.10082,0.056814,0.032015
81.7,113,0.3235,0.18399,0.10465,0.059522,0.033854
82.3,111,0.33111,0.19053,0.10963,0.063085,0.036301
87.3,95.4,0.38526,0.23913,0.14843,0.092128,0.057183
93.3,80.5,0.44687,0.29872,0.19969,0.13349,0.089236
99.8,68,0.50686,0.36085,0.2569,0.1829,0.13021
107,57.3,0.56361,0.42312,0.31765,0.23847,0.17903
114,48.4,0.61624,0.48375,0.37975,0.29811,0.23402
122,40.8,0.66476,0.542,0.44191,0.3603,0.29377
130,34.5,0.70843,0.59628,0.50188,0.42242,0.35555
139,29.1,0.74729,0.646,0.55844,0.48274,0.41731
149,24.7,0.7815,0.69086,0.61074,0.5399,0.47729
159,20.9,0.81139,0.73088,0.65836,0.59303,0.53419
170,17.7,0.83738,0.76628,0.70121,0.64167,0.58718
182,15.1,0.85995,0.79746,0.73952,0.68578,0.63595
194,12.9,0.87936,0.82461,0.77327,0.72512,0.67998
208,11,0.89598,0.8481,0.80278,0.75988,0.71927
222,9.41,0.91018,0.86835,0.82843,0.79035,0.75402
237,8.09,0.9223,0.88574,0.85063,0.81692,0.78453
254,6.98,0.93262,0.90065,0.86977,0.83996,0.81116
271,6.04,0.9414,0.9134,0.88623,0.85987,0.8343
290,5.25,0.94887,0.92429,0.90035,0.87703,0.85432
310,4.58,0.95523,0.9336,0.91246,0.8918,0.8716
332,4.02,0.96064,0.94154,0.92282,0.90448,0.8865
354,3.54,0.96525,0.94833,0.9317,0.91537,0.89932
379,3.13,0.96918,0.95413,0.93931,0.92472,0.91036
405,2.78,0.97254,0.9591,0.94584,0.93276,0.91986
